PCE,core PCE,Dates
,,1959_JAN
,,1959_FEB
,,1959_MAR
0.00362701134265353,0.00445132572092133,1959_APR
0.00316226365373207,0.00489911686972211,1959_MAY
0.00539864375534926,0.00669628484965545,1959_JUN
0.00551941651882526,0.0065510597302505,1959_JUL
0.00643593616602089,0.00692796202450441,1959_AUG
0.00615545805775652,0.00658778381835634,1959_SEP
0.00646931974122711,0.00593415007656972,1959_OCT
0.00567699836867863,0.00617952474995231,1959_NOV
0.00423039375203382,0.00508323802262045,1959_DEC
0.00123360602519162,0.00361560418648899,1960_JAN
0.00162211263950152,0.00367228061289104,1960_FEB
0.00103694102397922,0.00221266911113926,1960_MAR
0.00525257765384879,0.00379218809252935,1960_APR
0.00524713351039718,0.00353267726469841,1960_MAY
0.0051145927748284,0.00403709077146286,1960_JUN
0.00328989807766744,0.00396675481677367,1960_JUL
0.00393091893285225,0.00377168720140819,1960_AUG
0.00405797101449279,0.00402085820192255,1960_SEP
0.00340770269401403,0.00282220131702737,1960_OCT
0.00513511778676423,0.00407064128256529,1960_NOV
0.00474724146779582,0.00294099242850887,1960_DEC
0.00378059720620261,0.00262664165103188,1961_JAN
0.00127722076760972,0.000935570386078499,1961_FEB
0.000510790448218668,0.00155977040179689,1961_MAR
-0.000255346313437599,0.00268213572854292,1961_APR
-0.000574016200012739,0.00299102691924236,1961_MAY
0.000446713465220183,0.00417367470254781,1961_JUN
0.00319264414788334,0.00435458786936249,1961_JUL
0.00344607530312691,0.00410039761431413,1961_AUG
0.00414620144160249,0.00459057071960278,1961_SEP
0.00190949016612563,0.00334468875812965,1961_OCT
0.00114474688374466,0.00247494122014613,1961_NOV
0.000254097319273283,0.00135852784982116,1961_DEC
0.0022234927895306,0.00222235940490134,1962_JAN
0.00482784906619238,0.0037032465127762,1962_FEB
0.00590626190778609,0.00518006906758761,1962_MAR
0.00513438133874233,0.00418848167539276,1962_APR
0.00309773675559488,0.00393555528225309,1962_MAY
0.00239914135993446,0.003435582822086,1962_JUN
0.000693699943242754,0.00410967306630683,1962_JUL
0.00151257326526744,0.00281759157172612,1962_AUG
0.005794545569062,0.00293470286133513,1962_SEP
0.0053566927148978,0.00201588271227848,1962_OCT
0.00459379523000436,0.00262643537747365,1962_NOV
-0.000688834617070477,0.000975371860521879,1962_DEC
0.00275810192440296,0.00292629397061517,1963_JAN
0.00313204710598836,0.00335059396893089,1963_FEB
0.00269457325479383,0.00365408038976844,1963_MAR
0.000187535162843089,0.00297854233785166,1963_APR
0.000749344323716761,0.0036429872495447,1963_MAY
0.00374976563964746,0.00473300970873791,1963_JUN
0.0058125,0.00442424242424244,1963_JUL
0.00555347560214647,0.00350877192982457,1963_AUG
0.003175393811095,0.00362362604179234,1963_SEP
0.00310694090598407,0.00494780667350514,1963_OCT
0.003164753335402,0.00494333252953938,1963_NOV
0.00484111221449868,0.0045733541942472,1963_DEC
0.00501765471102034,0.00372260582407669,1964_JAN
0.00501051589756285,0.00473905218956183,1964_FEB
0.00413835701050025,0.00425302503893632,1964_MAR
0.00277366863905315,0.00376861877131085,1964_APR
0.00147719578999195,0.00268672756582489,1964_MAY
0.00227594267084941,0.00244557113033106,1964_JUN
0.00282746327371086,0.00256257449344455,1964_JUL
0.00344170610288241,0.00303679885673436,1964_AUG
0.0035595924880325,0.00273711769606089,1964_SEP
0.00288078455409124,0.00213992748023539,1964_OCT
0.00355239786856121,0.00225586227367169,1964_NOV
0.00348581213307231,0.00326370757180161,1964_DEC
0.00397261948417071,0.00421140043893464,1965_JAN
0.00299054012816602,0.00396848901261615,1965_FEB
0.00280333963069035,0.00313479623824464,1965_MAR
0.00328727095635251,0.00295333727111635,1965_APR
0.00511135450894495,0.00359882005899714,1965_MAY
0.00674567000911575,0.00277122641509431,1965_JUN
0.00588556519628658,0.0025912838633686,1965_JUL
0.00387456108487716,0.00264534712832876,1965_AUG
0.00144875045273452,0.00405715293702591,1965_SEP
0.00102545542284949,0.00270206766917291,1965_OCT
0.00247256060788814,0.0026969981238274,1965_NOV
0.00560578661844491,0.00456781447645804,1965_DEC
0.00650798433263033,0.0052138254247216,1966_JAN
0.00896348432894167,0.00578879663197296,1966_FEB
0.00779236348378576,0.00402238544945788,1966_MAR
0.010058073399988,0.00734308526137895,1966_APR
0.00715478177915574,0.00755770013371304,1966_MAY
0.00719681199072153,0.00952215061255313,1966_JUN
0.00569023768596999,0.00885160543824126,1966_JUL
0.00828794695713952,0.00802031042640361,1966_AUG
0.0089760245659618,0.00787945016391567,1966_SEP
0.00966582188955045,0.00820048170661769,1966_OCT
0.00728041333959606,0.00887235260446495,1966_NOV
0.00620390963361817,0.00884501255421122,1966_DEC
0.00361916992586542,0.00648427279449404,1967_JAN
0.00332245278619747,0.0057872340425531,1967_FEB
0.00174499767333658,0.00424232139826919,1967_MAR
0.00337346594544297,0.00610341904492806,1967_APR
0.00412478940335781,0.0064872792914763,1967_MAY
0.00679363604691652,0.00749126957305402,1967_JUN
0.0085212451452088,0.00814469471437396,1967_JUL
0.00971997222865095,0.00902365205694444,1967_AUG
0.00957379318299778,0.0100631743724493,1967_SEP
0.00896654787906659,0.0103632716737241,1967_OCT
0.00916800366720127,0.010498250291618,1967_NOV
0.00771208226221098,0.00940942049039672,1967_DEC
0.00957046826934049,0.010146685783611,1968_JAN
0.0103338632750398,0.011268689533861,1968_FEB
0.0120181405895692,0.0127762241596754,1968_MAR
0.0104954294097732,0.0120100447647122,1968_APR
0.0101157693604585,0.0114692612926022,1968_MAY
0.0100829038763164,0.0114239306984301,1968_JUN
0.0099955327228054,0.0110583665983384,1968_JUL
0.0104039167686658,0.0111779879621667,1968_AUG
0.0106477373558118,0.0112948985600341,1968_SEP
0.01199756731354,0.0120578349250389,1968_OCT
0.0112879246737514,0.0119579081632655,1968_NOV
0.00987708516242325,0.0109040863857717,1968_DEC
0.00939685314685312,0.0105962359639411,1969_JAN
0.00854840466078621,0.0102410587679218,1969_FEB
0.011193218865464,0.0119384228715049,1969_MAR
0.0116908421736308,0.0119979134063639,1969_APR
0.0131728121794525,0.0125805780827615,1969_MAY
0.0133261687264912,0.0113318845079169,1969_JUN
0.0133212069334474,0.0121649484536084,1969_JUL
0.0120424148771781,0.0109354143135845,1969_AUG
0.0113479690317106,0.0115118956254796,1969_SEP
0.0103479224961724,0.0111529843145244,1969_OCT
0.0119517717053652,0.0121883093799198,1969_NOV
0.0123741610738255,0.0118866970156803,1969_DEC
0.0125411506505722,0.0108788718207,1970_JAN
0.012174817898023,0.0108875620892077,1970_FEB
0.0100476486430494,0.0108972756810797,1970_MAR
0.0115600970222429,0.0115589656718649,1970_APR
0.0107432918679964,0.0112666269604924,1970_MAY
0.0108706799302636,0.0111259457053849,1970_JUN
0.00943829396459384,0.0109835984829827,1970_JUL
0.0088999644001424,0.0108957055214725,1970_AUG
0.0108045044131075,0.0114925665101722,1970_SEP
0.0121297887395126,0.0126181428432233,1970_OCT
0.013459018046174,0.0143224741467203,1970_NOV
0.0133989060069253,0.015181550065271,1970_DEC
0.0105363028063516,0.0141929275920134,1971_JAN
0.00950012434717729,0.0128278766992151,1971_FEB
0.00836882242250181,0.0110015716530933,1971_MAR
0.0101793744132037,0.0107685009487666,1971_APR
0.0114308238076468,0.0113421550094517,1971_MAY
0.0125718214408486,0.0121066515922366,1971_JUN
0.0116421268893998,0.012202562538133,1971_JUL
0.010376071706937,0.00920560747663557,1971_AUG
0.00742034046268003,0.00688852687921804,1971_SEP
0.00594748803249345,0.00463671349747297,1971_OCT
0.0051106504025844,0.00551002454044536,1971_NOV
0.00755825149239353,0.00698007673461842,1971_DEC
0.0101422803307056,0.00969215858217543,1972_JAN
0.0120401016932892,0.0101307791490144,1972_FEB
0.00950833771322102,0.00895152405435184,1972_MAR
0.00689983345229606,0.00699364629519605,1972_APR
0.00516636648023527,0.00661013858497439,1972_MAY
0.00525369178341539,0.00668820237499435,1972_JUN
0.00732514177693777,0.00721743077621428,1972_JUL
0.00801622105908417,0.00701960961912973,1972_AUG
0.0110174678657187,0.00831600831600809,1972_SEP
0.00853858784893258,0.00603902834737924,1972_OCT
0.00860738176544884,0.00656592912394327,1972_NOV
0.00731150747450293,0.00623038995965941,1972_DEC
0.00921058752384063,0.00627155848228278,1973_JAN
0.0115022494318446,0.00679117147707964,1973_FEB
0.0154415164123902,0.00783999287273374,1973_MAR
0.0199124222171005,0.0130436718158751,1973_APR
0.0195790728598284,0.0137569894381824,1973_MAY
0.0181660899653979,0.0140552486187846,1973_JUN
0.014326388575044,0.0125241694498155,1973_JUL
0.0210019787731606,0.0133076518998423,1973_AUG
0.0192281894200241,0.0140347818506734,1973_SEP
0.021297451434682,0.0136278807343431,1973_OCT
0.0179271461921331,0.0138240884741663,1973_NOV
0.0222436713025929,0.0143133462282399,1973_DEC
0.0262193525870342,0.0153714408049668,1974_JAN
0.0297273907399396,0.0169166524629283,1974_FEB
0.033175965665236,0.0191965420798372,1974_MAR
0.0306083407728606,0.0218014674875602,1974_APR
0.0287851409841575,0.025099518122774,1974_MAY
0.0256303742782371,0.0276079996673735,1974_JUN
0.0259456337911974,0.0290124221039165,1974_JUL
0.0265501184543748,0.0290222367560498,1974_AUG
0.028473066018631,0.0277159619664171,1974_SEP
0.0282647153425539,0.0266704098820887,1974_OCT
0.0252665923921693,0.0243107968538969,1974_NOV
0.0227621785531444,0.0223622047244094,1974_DEC
0.02177908113392,0.0203132934880268,1975_JAN
0.0196763301897778,0.0200884200729077,1975_FEB
0.0150937584228563,0.0182147258163894,1975_MAR
0.0122455227307516,0.0172671235499062,1975_APR
0.0108091649539468,0.0144084549878345,1975_MAY
0.013693433979441,0.0140690594153019,1975_JUN
0.0189399667321941,0.0153556642830259,1975_JUL
0.01927856013254,0.0145410935801822,1975_AUG
0.0179613830264931,0.0151046134337822,1975_SEP
0.0151745631284086,0.013937282229965,1975_OCT
0.0172885112670853,0.0171401130360902,1975_NOV
0.0178650198500221,0.0177823499154972,1975_DEC
0.0158248666033185,0.0179132850771369,1976_JAN
0.0106398431258625,0.0152533139640456,1976_FEB
0.00660888407367288,0.0124539744422785,1976_MAR
0.00507285483000541,0.0112412009768712,1976_APR
0.00855161510545788,0.0119835449830084,1976_MAY
0.0114447673375668,0.0127642885157058,1976_JUN
0.01428264604811,0.0143481194729551,1976_JUL
0.0150343795646444,0.0154118062919759,1976_AUG
0.0162812145289444,0.0172152790001758,1976_SEP
0.0164460914063878,0.0166310703406745,1976_OCT
0.0154785721806887,0.0153867576411613,1976_NOV
0.015461938501274,0.0149512009413719,1976_DEC
0.0160411096836917,0.016152362584378,1977_JAN
0.0193557306788332,0.0177591881513988,1977_FEB
0.0187667560321716,0.0165723248994067,1977_MAR
0.0187608925947442,0.0153872225046603,1977_APR
0.0159704326597043,0.0143501987468839,1977_MAY
0.016565452091768,0.016100898966859,1977_JUN
0.0159331812692876,0.0173570546413431,1977_JUL
0.0155191402730033,0.0171692348565358,1977_AUG
0.0136736251700906,0.0153835996302654,1977_SEP
0.0131409515633769,0.0140424554611371,1977_OCT
0.0142303141843039,0.0143001730386234,1977_NOV
0.0153226598565956,0.0152480655439236,1977_DEC
0.0165879094019878,0.0164040508622643,1978_JAN
0.0154888046401607,0.0150642160491841,1978_FEB
0.0171229563703204,0.0153392897172318,1978_MAR
0.0188177213566711,0.0158209715413511,1978_APR
0.0213472031653852,0.0178848898049784,1978_MAY
0.0214000380445121,0.0180407493849744,1978_JUN
0.019256788647305,0.0174547961517972,1978_JUL
0.0171519620094975,0.0169164148415841,1978_AUG
0.0162957444827265,0.0171014313154469,1978_SEP
0.0188312289692216,0.0185721325612909,1978_OCT
0.0194428233559603,0.0185956742846638,1978_NOV
0.0184167124793844,0.0166920499543102,1978_DEC
0.0179983637851104,0.0144537510205316,1979_JAN
0.0176559204579694,0.0123311979307648,1979_FEB
0.0208427050532314,0.014200970699263,1979_MAR
0.0237521207250648,0.0183612030164833,1979_APR
0.0288666508763618,0.0238569179119998,1979_MAY
0.0293184488836662,0.0237209027531609,1979_JUN
0.0264573339148131,0.0194350943948485,1979_JUL
0.0237115478691263,0.0173524461725958,1979_AUG
0.0242879159769396,0.0185831770307314,1979_SEP
0.0248406741254781,0.0209021217950558,1979_OCT
0.0241180604356992,0.0206503137478606,1979_NOV
0.0236841372008134,0.0210204255078046,1979_DEC
0.0260350450500249,0.021317883960964,1980_JAN
0.0300002744764363,0.0249552872792309,1980_FEB
0.0339693513704784,0.02708026969285,1980_MAR
0.0285798944079301,0.024562852815641,1980_APR
0.0254756702019932,0.0226299860948278,1980_MAY
0.0194276989496407,0.019963800416025,1980_JUN
0.0220243551132644,0.0218776036767274,1980_JUL
0.0225819863832442,0.0210360732663237,1980_AUG
0.0255648805681086,0.0238637567538933,1980_SEP
0.0258033106134372,0.0250913968596302,1980_OCT
0.025615613326218,0.0257468142886985,1980_NOV
0.0228125393428176,0.022272809581706,1980_DEC
0.0244298453775635,0.0227325208466964,1981_JAN
0.0264377214499865,0.0221475484954943,1981_FEB
0.0269318825238178,0.0216863201579027,1981_MAR
0.0216039599131939,0.0193673013722688,1981_APR
0.0159078839376237,0.0189529786810121,1981_MAY
0.0128970394342562,0.0183777089783281,1981_JUN
0.014583383058453,0.0180149139861689,1981_JUL
0.0163716288463822,0.0178182973626966,1981_AUG
0.0184602276761414,0.0194080307415425,1981_SEP
0.0169379881434082,0.0193400217575244,1981_OCT
0.0160377799597886,0.018466932423995,1981_NOV
0.0130365068668232,0.0155791482762733,1981_DEC
0.0144582215230868,0.0157476580101981,1982_JAN
0.012080073630925,0.013746433708236,1982_FEB
0.0115612240216543,0.0144239804548019,1982_MAR
0.00608852302008978,0.01223470078685,1982_APR
0.00902580425144928,0.0138391403451643,1982_MAY
0.0137421198240284,0.0144967810661849,1982_JUN
0.019242973708069,0.0170461098424561,1982_JUL
0.0163579829660674,0.0161967468856823,1982_AUG
0.0118333929849677,0.014860299488678,1982_SEP
0.0115190464542241,0.0147192234418942,1982_OCT
0.011439212556531,0.0137938819279828,1982_NOV
0.0101695664669599,0.0132706538608605,1982_DEC
0.00921142304394662,0.0137681321383072,1983_JAN
0.00789058390320885,0.0137843495301295,1983_FEB
0.00765981660210535,0.0118537592399388,1983_MAR
0.00755892475929065,0.00802522212668388,1983_APR
0.00869867780097433,0.00575507962657884,1983_MAY
0.0111634776187477,0.00917008533883235,1983_JUN
0.0122586643028559,0.0129043546729075,1983_JUL
0.0137116246981719,0.0166641186362941,1983_AUG
0.013488841634985,0.0160213908393296,1983_SEP
0.0095044852627082,0.0110125024292285,1983_OCT
0.00663547426626954,0.00816326530612255,1983_NOV
0.00366641941294898,0.00485686165432853,1983_DEC
0.00632603406326027,0.00640738130326146,1984_JAN
0.0116623003464886,0.0103984658001279,1984_FEB
0.0144220617424722,0.0134781220057489,1984_MAR
0.0138760407030527,0.0148765942997815,1984_APR
0.0083744048116281,0.0108608545278164,1984_MAY
0.00686913261589073,0.00941216017479718,1984_JUN
0.00663570006635705,0.00901258834845886,1984_JUL
0.00844982913948433,0.00999311539023218,1984_AUG
0.00802133509747582,0.00915789035507641,1984_SEP
0.00679795649307846,0.0070876422191366,1984_OCT
0.00513420820241106,0.00590762620837815,1984_NOV
0.00660390902192431,0.00835292661799292,1984_DEC
0.00924827106436954,0.0117296018108859,1985_JAN
0.0125043417853421,0.0148260708858681,1985_FEB
0.013610154642326,0.0143584708842119,1985_MAR
0.0100352755139277,0.00990542052272958,1985_APR
0.00774896579558071,0.00815459328207191,1985_MAY
0.00655289553558869,0.00796483374669799,1985_JUN
0.00756709018285462,0.00970756464996381,1985_JUL
0.00851038266685356,0.0111795756979709,1985_AUG
0.00746879680479262,0.00992238137152923,1985_SEP
0.00667357265229684,0.00859696014680655,1985_OCT
0.00627432292907648,0.00613338626439064,1985_NOV
0.00794862138000751,0.00679423183582917,1985_DEC
0.0109037658559754,0.0106002175417779,1986_JAN
0.00797158642462525,0.010732111503482,1986_FEB
0.00239921337266469,0.0110571153127277,1986_MAR
-0.00422832980972521,0.00745582278233292,1986_APR
-0.00240779891942688,0.00657779165772077,1986_MAY
0.00351173193125631,0.00653836424137455,1986_JUN
0.0058189824644177,0.0065459772347618,1986_JUL
0.00523930064166711,0.00688384719798329,1986_AUG
0.00478974018103262,0.00717254712421456,1986_SEP
0.00633257759362049,0.00876126517300602,1986_OCT
0.00687124228937286,0.00883967260471841,1986_NOV
0.00496147560121418,0.00683353808353804,1986_DEC
0.00788533250466128,0.00583475216651053,1987_JAN
0.00961613028305552,0.00574602932193047,1987_FEB
0.0109000793789082,0.00741630443071761,1987_MAR
0.00992407600107903,0.00926242915287756,1987_APR
0.00894845994315996,0.010040808579292,1987_MAY
0.0100930784846975,0.0098219185859465,1987_JUN
0.00866263428037173,0.00815980401394523,1987_JUL
0.0100871683605497,0.00873830195061465,1987_AUG
0.00966989628562209,0.00997001499250372,1987_SEP
0.0105366702608631,0.0116639874387827,1987_OCT
0.00846020500452216,0.0103578680675869,1987_NOV
0.00692944733432244,0.0084799228085799,1987_DEC
0.00763758891800825,0.00894275895199748,1988_JAN
0.00723080659927877,0.00890568820872129,1988_FEB
0.00882133532264096,0.0110949603488566,1988_MAR
0.00980902132719019,0.011225872614731,1988_APR
0.0112413741930697,0.0125918344968747,1988_MAY
0.012071802266467,0.0125382151696025,1988_JUN
0.0120685848848332,0.0117532008909977,1988_JUL
0.0121253256044318,0.0108289566300288,1988_AUG
0.012749789938991,0.0119695907693966,1988_SEP
0.011143023340362,0.0116882651965347,1988_OCT
0.0104938830992298,0.0119449354544969,1988_NOV
0.00872952889401901,0.00989219812811903,1988_DEC
0.0106067415730338,0.0111639921445126,1989_JAN
0.0116224844854182,0.0109570188439549,1989_FEB
0.0122300100128738,0.0106218345526168,1989_MAR
0.0137685671084229,0.00890607502799545,1989_APR
0.0140952448494736,0.00935476552000969,1989_MAY
0.0125415106337878,0.00903111296721648,1989_JUN
0.00824720560108094,0.00823780371481586,1989_JUL
0.00470304386593701,0.00663980772223471,1989_AUG
0.00474512403614669,0.00744994567747925,1989_SEP
0.00626533702292065,0.00851451768267508,1989_OCT
0.00833536351929842,0.00979095453218126,1989_NOV
0.00901135534951547,0.00915797942450247,1989_DEC
0.0126947889102198,0.00938070304105332,1990_JAN
0.0149452066614892,0.0115841937843402,1990_FEB
0.0158312253712596,0.0135699019574582,1990_MAR
0.0103154407118338,0.0126898835774996,1990_APR
0.00814473482851841,0.0108798009013251,1990_MAY
0.00879169278200331,0.00995749238544708,1990_JUN
0.00916206028027111,0.00949409330574635,1990_JUL
0.0135941980097825,0.0106129917657822,1990_AUG
0.015331139172488,0.0102072942385127,1990_SEP
0.0186267776679676,0.0110907257731276,1990_OCT
0.0131789137380192,0.00811482560531984,1990_NOV
0.00793847680476301,0.0060034445993602,1990_DEC
0.00601864794198415,0.00760151703393719,1991_JAN
0.00525555117592957,0.00915978186330535,1991_FEB
0.00452867339404373,0.00986450571489117,1991_MAR
0.00253363192049294,0.00686276100394245,1991_APR
0.00617566331198538,0.00808969857783093,1991_MAY
0.00766076999722309,0.00816972358563683,1991_JUN
0.00741863953564215,0.00921688688366085,1991_JUL
0.00560192251485736,0.00797663183911923,1991_AUG
0.00735937753282534,0.0098171102783382,1991_SEP
0.0076553320277728,0.00897304892067963,1991_OCT
0.00752450307600405,0.00808865677345394,1991_NOV
0.00658148815653958,0.00654983744350179,1991_DEC
0.00607131384516535,0.00707345634079171,1992_JAN
0.00641056461047795,0.0079289866060146,1992_FEB
0.00633063162438252,0.00795676561416769,1992_MAR
0.00767904466936997,0.00851652236765621,1992_APR
0.0064652770036786,0.00719277901400939,1992_MAY
0.00581423056760233,0.00547105810263693,1992_JUN
0.00641645146469361,0.0059673122166306,1992_JUL
0.00642374570827342,0.00547663871298987,1992_AUG
0.00628603016662721,0.00632744119521811,1992_SEP
0.00651722183741588,0.0063965554626273,1992_OCT
0.00715307582260349,0.00767504835589938,1992_NOV
0.0072669627862445,0.00790977908234214,1992_DEC
0.00616221965028618,0.00697148309453821,1993_JAN
0.00569742757242775,0.00669522888162044,1993_FEB
0.00599912739965114,0.00702001777995775,1993_MAR
0.00623328980911531,0.00701491624893014,1993_APR
0.00782256437318596,0.00849642296017206,1993_MAY
0.00610275553352624,0.00726027397260287,1993_JUN
0.00503607124650474,0.00641969312956236,1993_JUL
0.00364991606733089,0.00490062619112441,1993_AUG
0.00435686244322997,0.00545506747057112,1993_SEP
0.00590233480379343,0.00502156407395149,1993_OCT
0.0060917600122754,0.00573466991781801,1993_NOV
0.00527300039854062,0.00467402086026047,1993_DEC
0.00246015616643502,0.00382612870796883,1994_JAN
0.0028825476230423,0.00341220311588009,1994_FEB
0.00541307065963226,0.00637257101826516,1994_MAR
0.00626486189866471,0.00708498998535179,1994_APR
0.00539874688241393,0.00714424209882614,1994_MAY
0.00508060724631099,0.00596060943887022,1994_JUN
0.00705900174202823,0.00656019947755859,1994_JUL
0.00791093766544138,0.00544975268785364,1994_AUG
0.00657894736842102,0.00474318813168617,1994_SEP
0.00511424316722087,0.00499867291869416,1994_OCT
0.00471230903142539,0.00571479070315473,1994_NOV
0.00424236973076697,0.0045296116005118,1994_DEC
0.00457939869202795,0.0046656983141864,1995_JAN
0.00445121586903263,0.0044667701590464,1995_FEB
0.00565747637742398,0.00658809750384282,1995_MAR
0.00625679681797187,0.0064257028112451,1995_APR
0.00602266305802579,0.00648810999168936,1995_MAY
0.00515066053139379,0.00490146171187544,1995_JUN
0.003775149155403,0.00415003990422957,1995_JUL
0.00439017900696226,0.00485282187970815,1995_AUG
0.00410532067280012,0.00529728477971392,1995_SEP
0.00544231733577183,0.00615598040490739,1995_OCT
0.00325248719609128,0.00439690342670129,1995_NOV
0.00448562394293694,0.00449192317659586,1995_DEC
0.00412198735532687,0.0031884182860098,1996_JAN
0.00573574498672436,0.00384659547594435,1996_FEB
0.00683748169838938,0.0047584921886199,1996_MAR
0.00761117279261381,0.00498217583644722,1996_APR
0.00775962660443397,0.00541893051186748,1996_MAY
0.00471156223188451,0.00386579555504829,1996_JUN
0.00382758470705924,0.0043876518939554,1996_JUL
0.00305389914896081,0.00351256417184542,1996_AUG
0.00590525538782183,0.00578346809145547,1996_SEP
0.00681716423299683,0.00628324232323951,1996_OCT
0.00764757658398629,0.00673128702207859,1996_NOV
0.00597130893969711,0.00406894602995189,1996_DEC
0.0042462235866243,0.00276258668320484,1997_JAN
0.00455372102014806,0.00350501822891025,1997_FEB
0.00444832222444713,0.00551584398041305,1997_MAR
0.0041282765516748,0.00640953558978952,1997_APR
0.00158230103633605,0.00507785103100011,1997_MAY
0.00180847276610918,0.00417016512734403,1997_JUN
0.00142259652317422,0.00289106145251417,1997_JUL
0.00267569952463642,0.00175849941383355,1997_AUG
0.00380941551057545,0.00235513810306887,1997_SEP
0.00451743046282349,0.00318910412633855,1997_OCT
0.00377572746628796,0.00390091671542825,1997_NOV
0.00114698385726397,0.00240521639996083,1997_DEC
0.000339404910057794,0.00241545893719786,1998_JAN
-0.000240398212568493,0.00296982985927996,1998_FEB
0.000127296643611885,0.00345353675450766,1998_MAR
0.000876498529744474,0.00376679130314361,1998_APR
0.00277231644011944,0.00387425282266984,1998_MAY
0.00176778390609522,0.00154805180444773,1998_JUN
0.00299443487104156,0.00252476476918417,1998_JUL
0.0030044431906342,0.00351472047634793,1998_AUG
0.00327521705371647,0.00460937607816625,1998_SEP
0.00299957752429236,0.00374320511938331,1998_OCT
0.00165944760083248,0.0019640968588186,1998_NOV
0.00325045379712119,0.00386015523044159,1998_DEC
0.00245707145163787,0.00333164237629746,1999_JAN
0.00185325583354401,0.00281014393420143,1999_FEB
0.00159892283093499,0.00138212272155025,1999_MAR
0.00502815204907714,0.00252801311833828,1999_APR
0.00625017517307103,0.00382748957692569,1999_MAY
0.00579734498403606,0.00405865230878555,1999_JUN
0.00362333988321684,0.00328494513732713,1999_JUL
0.00479081945295512,0.00281881936406347,1999_AUG
0.00808899284381703,0.0049405231782671,1999_SEP
0.00710943249510532,0.0048501480857539,1999_OCT
0.00618173753950213,0.00532304934684036,1999_NOV
0.00491665170494571,0.00394111353386517,1999_DEC
0.00595623819437741,0.00463745386206615,2000_JAN
0.00822382015042566,0.00514628413971963,2000_FEB
0.0101974904828002,0.00593567882581469,2000_MAR
0.00661997505516654,0.00418539552660624,2000_APR
0.00429014496317848,0.00378955855674246,2000_MAY
0.0033875246581867,0.00249436755712917,2000_JUN
0.00673982898534931,0.0041277456879798,2000_JUL
0.00583633766410441,0.00433752359532513,2000_AUG
0.00675217615315771,0.00600636755223793,2000_SEP
0.0055992101597262,0.00511177844511201,2000_OCT
0.00707387670084114,0.00559843243891711,2000_NOV
0.00429618057426073,0.00414877066074482,2000_DEC
0.00778717738356227,0.00648005523981521,2001_JAN
0.00793746726298417,0.00648188650733683,2001_FEB
0.00649045875742593,0.00654174667284635,2001_MAR
0.00340308546415402,0.00440656499023673,2001_APR
0.00449045943929227,0.00287106545502414,2001_MAY
0.00616880953967081,0.00406530805562499,2001_JUN
0.00406985250109715,0.00505713910416405,2001_JUL
0.00131325860582332,0.0053185901139885,2001_AUG
-0.003853385947721,-0.00262061374773981,2001_SEP
-1.32462612426609e-05,0.00181663726066783,2001_OCT
-0.000569657145885083,0.00335715125468639,2001_NOV
0.00180786153907508,0.00932762290128486,2001_DEC
-0.000808032639220135,0.00283090249693418,2002_JAN
0.00155088082077381,0.00270798073167544,2002_FEB
0.00530764433475328,0.00367053678346441,2002_MAR
0.00860388964749248,0.00590599836089045,2002_APR
0.00757034331242212,0.00510270326417195,2002_MAY
0.00609796338582136,0.00549863830890951,2002_JUN
0.00411409043112521,0.00474620109925628,2002_JUL
0.00542493103901243,0.00560643836147312,2002_AUG
0.00598228927517219,0.00564913457321925,2002_SEP
0.0056026075687563,0.00445348298409098,2002_OCT
0.00462485139072144,0.00345558481598052,2002_NOV
0.00378190164447534,0.00275740009234093,2002_DEC
0.00494656409054817,0.00258848253415001,2003_JAN
0.00817977294302752,0.00299562178354695,2003_FEB
0.00979589715607165,0.00367068694284223,2003_MAR
0.00507765443452812,0.00410276073619653,2003_APR
-0.000283775765549499,0.00416092306121407,2003_MAY
-0.00176262463814736,0.00310931008996618,2003_JUN
0.00287397059013061,0.0045060526215297,2003_JUL
0.00741897192402963,0.00419452423926581,2003_AUG
0.00947311439913379,0.00503061561523421,2003_SEP
0.0066438778657345,0.00437179243489827,2003_OCT
0.00452106200130653,0.00460736165257436,2003_NOV
0.00360047495627103,0.00446191571656085,2003_DEC
0.00735322277967154,0.00518546555639676,2004_JAN
0.00822368421052633,0.00544299969761108,2004_FEB
0.00755677119776088,0.00587665320195807,2004_MAR
0.00553802481339272,0.00591181232819959,2004_APR
0.00666439040428957,0.00566416040100259,2004_MAY
0.00797989873609528,0.00556709285160273,2004_JUN
0.00704509364051109,0.00414264680192677,2004_JUL
0.00429626651927029,0.00315256940636988,2004_AUG
0.0034197241673033,0.00344617375185052,2004_SEP
0.00679556973906514,0.00443621542361505,2004_OCT
0.0101568558777174,0.00621079436059868,2004_NOV
0.00870118845500856,0.00561644514977178,2004_DEC
0.00570554892601427,0.00705174994742097,2005_JAN
0.00463112013670486,0.00655515091661019,2005_FEB
0.00710387247682576,0.00774266727490169,2005_MAR
0.00860246950202082,0.00528249038709605,2005_APR
0.00637233150914551,0.00567847331240179,2005_MAY
0.00399385560675891,0.00390276129537415,2005_JUN
0.0054287219832605,0.00421600615903506,2005_JUL
0.00891621452804059,0.00297564604446388,2005_AUG
0.0180171358629131,0.00449692892658682,2005_SEP
0.0153450503376156,0.00591413551401865,2005_OCT
0.00915304029037234,0.00766022640224717,2005_NOV
-0.000492954359640252,0.00647861692447682,2005_DEC
0.00274893463777692,0.00584307178631049,2006_JAN
0.00544923073221781,0.00489906242081251,2006_FEB
0.00739796225234857,0.00662978097614486,2006_MAR
0.00719467522206529,0.00744482530518975,2006_APR
0.00929603751914243,0.00834544122768044,2006_MAY
0.00982733503689737,0.008106910632387,2006_JUN
0.00859333214476732,0.0060169046368368,2006_JUL
0.00905631749268032,0.00554933669945457,2006_AUG
0.00393761307334839,0.00459696386572572,2006_SEP
-0.0018383652690378,0.00543504058480093,2006_OCT
-0.00462848751835543,0.00386072951207961,2006_NOV
0.00153117712185802,0.00363000011824099,2006_DEC
0.00724894335434834,0.00587777069612638,2007_JAN
0.0100317475304199,0.00757379137861869,2007_FEB
0.0101373600526862,0.00723374175306324,2007_MAR
0.0091424820666699,0.00459964329296914,2007_APR
0.00893889998948372,0.00361792806294492,2007_MAY
0.00739283302675386,0.00426930544833559,2007_JUN
0.00656244192529276,0.00434498224630908,2007_JUL
0.00433141083547572,0.00465485259633436,2007_AUG
0.00606733002808313,0.00573032530078388,2007_SEP
0.00758126492886069,0.00683816346466948,2007_OCT
0.0122347785977861,0.00731571368851314,2007_NOV
0.0106830243297262,0.00658938518372687,2007_DEC
0.0101697244554388,0.0059716318610239,2008_JAN
0.0068465841127352,0.00498005671731261,2008_FEB
0.00739907255864725,0.00493557294063507,2008_MAR
0.00672289866902487,0.00352496756340925,2008_APR
0.00902898780294636,0.00437036867099505,2008_MAY
0.0134484120268517,0.00470526279636863,2008_JUN
0.0162839671617923,0.00592677345537762,2008_JUL
0.0111235703072436,0.00533354652291607,2008_AUG
0.00467565431329109,0.00405651777575189,2008_SEP
-0.00658208210981226,0.000830319161036375,2008_OCT
-0.0175109790178769,-0.000840660713880004,2008_NOV
-0.0238124258978137,-0.00234917608606833,2008_DEC
-0.0172111855974835,-0.00123876305531245,2009_JAN
-0.00369103653787539,0,2009_FEB
0.000805920679243455,0.0012057923534563,2009_MAR
0.0021223952422027,0.00374365626635709,2009_APR
0.00137085627534939,0.0037179370565763,2009_MAY
0.00842699815127768,0.00428336079077418,2009_JUN
0.00710119485814587,0.00291346884175447,2009_JUL
0.00897190763347555,0.00362487114715848,2009_AUG
0.00463379521324447,0.00410670648927502,2009_SEP
0.00833314590315104,0.00694036261699127,2009_OCT
0.00792778649921511,0.00633189990857685,2009_NOV
0.00688504769154985,0.00541941299081761,2009_DEC
0.00527530865574422,0.0032105251341461,2010_JAN
0.00274789457874891,0.00320771646478235,2010_FEB
0.00358020436073336,0.00384374019454015,2010_MAR
0.00193041625987411,0.00287574970906812,2010_APR
0.00227439146160169,0.00310802048163139,2010_MAY
0.000443159282525141,0.00209870616997287,2010_JUN
0.000752962019709758,0.00160669456066942,2010_JUL
0.00180431485847743,0.00146003299005848,2010_AUG
0.00322255567490948,0.00154845321777497,2010_SEP
0.00556551373121783,0.0030522786262519,2010_OCT
0.00618770855892681,0.00339435757609463,2010_NOV
0.00746202755210179,0.00303650479389583,2010_DEC
0.00727324743345692,0.00365380984640673,2011_JAN
0.00807142386505899,0.00410381543921923,2011_FEB
0.00983915501599686,0.00541145943068777,2011_MAR
0.0110878066898255,0.00556588323817109,2011_APR
0.0113402398771201,0.00619684082624539,2011_MAY
0.00708504220645367,0.00577939051694654,2011_JUN
0.00453774430891229,0.00496286107290222,2011_JUL
0.00385617958163698,0.00457783974267501,2011_AUG
0.0054730173779074,0.00415611189700726,2011_SEP
0.00378588253008805,0.00315353787530404,2011_OCT
0.00347654405768494,0.00327840188835959,2011_NOV
0.0026466081626968,0.00425903680244621,2011_DEC
0.00605385250029489,0.0067784399764228,2012_JAN
0.00624465355004289,0.00605611711397702,2012_FEB
0.00758757774595509,0.00610047846889961,2012_MAR
0.00547425820606207,0.00461863717677669,2012_APR
0.00210405508798783,0.00423325105019257,2012_MAY
-0.000318187603410958,0.0035559494601225,2012_JUN
-0.00127107872214227,0.00307572765241027,2012_JUL
0.00321308137685317,0.00269527249204904,2012_AUG
0.00677955312241396,0.00289714593430279,2012_SEP
0.00939674189716633,0.0042928151830095,2012_OCT
0.00532741398446168,0.00473092844470724,2012_NOV
0.00211817520786561,0.00424188404085091,2012_DEC
0.00106121419715466,0.00383523488135418,2013_JAN
0.00530969729468311,0.00385253357590032,2013_FEB
0.00414326876564242,0.00403148191714631,2013_MAR
0.00121752820781951,0.00249725195564698,2013_APR
-0.00160018407346207,0.00257981983902766,2013_MAY
0.00193741621983912,0.00338690609323566,2013_JUN
0.00420375087796532,0.00417300957024391,2013_JUL
0.00495490304941293,0.00408306485055343,2013_AUG
0.00316703772224125,0.00354530883461246,2013_SEP
0.00324661767162171,0.00396484644170947,2013_OCT
0.00325223591218959,0.00454299965053861,2013_NOV
0.00456364091022765,0.00442126862908943,2013_DEC
0.00531721174156896,0.00381191725710894,2014_JAN
0.00430147746399845,0.00262492093611644,2014_FEB
0.00415914701184472,0.00304335464032612,2014_MAR
0.00386072411865768,0.00367121097365986,2014_APR
0.00503827850196581,0.0048891272119358,2014_MAY
0.00452409234106277,0.00453543307086623,2014_JUN
0.00416550671739513,0.00455912716296525,2014_JUL
0.00238813344724997,0.00325402306066502,2014_AUG
0.00164519346446901,0.003459375849167,2014_SEP
-7.18752246101628e-05,0.00258743009765472,2014_OCT
-0.000903685599564663,0.00308703133962562,2014_NOV
-0.00300781209900103,0.00245800047910172,2014_DEC
-0.00749609792162986,0.00122793872793858,2015_JAN
-0.00478975444799612,0.00148678013329029,2015_FEB
-0.00115321252059319,0.00229612775197663,2015_MAR
0.00455232064891264,0.00451077805724731,2015_APR
0.00518461141234172,0.00458867987209843,2015_MAY
0.00523668151080336,0.00427075774852281,2015_JUN
0.0052629410674192,0.00341445244598959,2015_JUL
0.00292827273007479,0.00299692040592769,2015_AUG
-0.000399934369744503,0.0032410561301377,2015_SEP
-0.00131140822703757,0.00257790426694715,2015_OCT
-0.000758103511863228,0.00284371909000991,2015_NOV
-0.000215435436051625,0.00205769784764809,2015_DEC
0.000194917775475201,0.00348664993623227,2016_JAN
-0.000953474543255006,0.00415074179098363,2016_FEB
0.00222664587095722,0.00492833381247704,2016_MAR
0.00509764503159094,0.00563715190587,2016_APR
0.0072656370260149,0.0056069411475812,2016_MAY
0.00667533504653273,0.00521067473129255,2016_JUN
0.00356147888114466,0.00419906845908447,2016_JUL
0.00332134524670669,0.00426315575271663,2016_AUG
0.00346809051614527,0.00455349338320499,2016_SEP
0.0053486811331882,0.00438449593520684,2016_OCT
0.0042851775505437,0.00305968410281343,2016_NOV
0.00410475746457739,0.00289374102029671,2016_DEC
0.00589675122385391,0.0042845161225129,2017_JAN
0.00692611803722909,0.00561587798596053,2017_FEB
0.00468350980609866,0.00402542372881354,2017_MAR
0.00275512563976221,0.00340091563113143,2017_APR
0.000963990922418834,0.00243067064412772,2017_MAY
0.00232079168131816,0.00420020297631596,2017_JUN
0.000782150915016322,0.00287797198239126,2017_JUL
0.00346100599907695,0.00315621774896546,2017_AUG
0.00635487039672844,0.00303191010336512,2017_SEP
0.00729436990872023,0.00475952404759528,2017_OCT
0.0064782508722645,0.00416508519946457,2017_NOV
0.00419322709163339,0.00441939345570641,2017_DEC
0.00664471655509247,0.00518480186294612,2018_JAN
0.00736031785448232,0.00659471825732338,2018_FEB
0.00697275369218708,0.00731007220682733,2018_MAR
0.00560282216227437,0.00589068084390187,2018_APR
0.00517669795692988,0.00575110180043081,2018_MAY
0.00497419329419646,0.00446661868091791,2018_JUN
0.00364561837941935,0.00397629967914015,2018_JUL
0.00261916206433122,0.0023187266653566,2018_AUG
0.00381264150388616,0.00326880791581585,2018_SEP
0.00448417321832428,0.00352920416446101,2018_OCT
0.00412883531621788,0.00529328732747802,2018_NOV
0.00276318615868298,0.0051856562790471,2018_DEC
0.000516594375944202,0.00492350975909983,2019_JAN
0.00200721036733897,0.00396856351651786,2019_FEB
0.00358321730070799,0.00314401129118624,2019_MAR
0.00693632608526218,0.00383979780305244,2019_APR
0.0058248084328445,0.00396258850266595,2019_MAY
0.00402642889714655,0.00487104349007361,2019_JUN
0.00253482972136232,0.00399941897060963,2019_JUL
0.00227195823464021,0.00412107844559895,2019_AUG
0.00240616906961466,0.00302240247199692,2019_SEP
0.00284688579645254,0.00337583672524566,2019_OCT
0.00341468119996136,0.0028420859947782,2019_NOV
0.0055334368041029,0.00432258623511395,2019_DEC
0.00483077840969237,0.00442188641519592,2020_JAN
0.00497000692147953,0.00568727663989543,2020_FEB
-0.000527289635403272,0.00262648338797189,2020_MAR
-0.00576523429644038,-0.00222035066227699,2020_APR
-0.00599764685625725,-0.00299950326697485,2020_MAY
-0.000182250700226261,-0.0006214386783433,2020_JUN
0.00719535336216603,0.00617710251688153,2020_JUL
0.00936351213503483,0.00828782217112201,2020_AUG
0.00779983306630339,0.00826549062000748,2020_SEP
0.0051834283309744,0.00543374642516681,2020_OCT
0.00322251565970988,0.00325937188197845,2020_NOV
0.0061306475258458,0.00482945111248156,2020_DEC
0.00929537799935298,0.00733857969090734,2021_JAN
0.0118412924685198,0.00851503154066191,2021_FEB
0.0126975115905006,0.00938585889107113,2021_MAR
0.0146017740825581,0.0122830465720418,2021_APR
0.016088888054024,0.0152709035754199,2021_MAY
0.0160325883847823,0.0158749462104062,2021_JUN
0.0152649769585254,0.0140680062111223,2021_JUL
0.0141980329808475,0.0123308326318419,2021_AUG
0.0119450472652369,0.00977945577604866,2021_SEP
0.013415694349119,0.0102877262474557,2021_OCT
0.0163142544659134,0.0123908037574472,2021_NOV
0.0197551955073743,0.0164239401041428,2021_DEC
0.0183762111593719,0.0163726130835693,2022_JAN
0.0177472872388127,0.0153440681637664,2022_FEB
0.0202101211003287,0.0130811606165551,2022_MAR
0.0183461020075193,0.0117244704789798,2022_APR
0.0180898589290592,0.0108185470966824,2022_MAY
0.0187092209731938,0.0129299656381736,2022_JUN
0.0158213243937482,0.0118004254154862,2022_JUL
0.0126360976960758,0.0139742676481194,2022_AUG
0.00639624113657589,0.0124938798349303,2022_SEP
0.0105347071025699,0.0136254993981053,2022_OCT
0.0104186253226441,0.0108935107287205,2022_NOV
0.00874106511497152,0.0101204611199861,2022_DEC
0.00946637147873886,0.0114113597246126,2023_JAN
0.00998130619771431,0.0120888172006108,2023_FEB
0.00971259174176331,0.0113441103806731,2023_MAR
0.00809196097708531,0.0101169103006995,2023_APR
0.0061892278959137,0.00932495782575904,2023_MAY
0.00737748111716141,0.00901068433865304,2023_JUN
0.00523464199383183,0.00691572252874528,2023_JUL
0.00686698851340095,0.00499735434181914,2023_AUG
0.00790467887242086,0.00561280053614821,2023_SEP
0.00682432544486655,0.00555481193949947,2023_OCT
0.0037200843219114,0.00544050544050534,2023_NOV
0.00177119460897801,0.00406531156281242,2023_DEC
0.00571565050526668,0.00772046589018305,2024_JAN
0.00888687559197798,0.00921793049564057,2024_FEB
0.0107728491307708,0.0107941723085092,2024_MAR
0.00916349342832579,0.00835479822997165,2024_APR
0.00595947556615029,0.00676176514190652,2024_MAY
0.00371810726373334,0.00558980209966431,2024_JUN
0.00273463492218062,0.00473227443916824,2024_JUL
0.00396838278257472,0.00548924647616555,2024_AUG
0.00454733360892945,0.00581177046771675,2024_SEP
