PCE,core PCE,trimmed,Dates
,,,1959_JAN
,,,1959_FEB
,,,1959_MAR
0.120900378088451,0.148377524030711,,1959_APR
0.105408788457736,0.163303895657404,,1959_MAY
0.179954791844975,0.223209494988515,,1959_JUN
0.183980550627509,0.218368657675017,,1959_JUL
0.21453120553403,0.23093206748348,,1959_AUG
0.205181935258551,0.219592793945211,,1959_SEP
0.215643991374237,0.197805002552324,,1959_OCT
0.189233278955954,0.205984158331744,,1959_NOV
0.141013125067794,0.169441267420682,,1959_DEC
0.0411202008397207,0.120520139549633,,1960_JAN
0.0540704213167173,0.122409353763035,,1960_FEB
0.0345647007993073,0.0737556370379754,,1960_MAR
0.17508592179496,0.126406269750978,,1960_APR
0.174904450346573,0.11775590882328,,1960_MAY
0.170486425827613,0.134569692382095,,1960_JUN
0.109663269255581,0.132225160559122,,1960_JUL
0.131030631095075,0.125722906713606,,1960_AUG
0.135265700483093,0.134028606730752,,1960_SEP
0.113590089800468,0.0940733772342457,,1960_OCT
0.171170592892141,0.135688042752176,,1960_NOV
0.158241382259861,0.0980330809502957,,1960_DEC
0.12601990687342,0.0875547217010627,,1961_JAN
0.0425740255869907,0.03118567953595,,1961_FEB
0.0170263482739556,0.051992346726563,,1961_MAR
-0.0085115437812533,0.089404524284764,,1961_APR
-0.019133873333758,0.0997008973080787,,1961_MAY
0.0148904488406728,0.139122490084927,,1961_JUN
0.106421471596111,0.14515292897875,,1961_JUL
0.114869176770897,0.136679920477138,,1961_AUG
0.138206714720083,0.153019023986759,,1961_SEP
0.0636496722041877,0.111489625270988,,1961_OCT
0.0381582294581553,0.0824980406715377,,1961_NOV
0.00846991064244277,0.0452842616607053,,1961_DEC
0.0741164263176867,0.0740786468300447,,1962_JAN
0.160928302206413,0.123441550425873,,1962_FEB
0.196875396926203,0.172668968919587,,1962_MAR
0.171146044624744,0.139616055846425,,1962_APR
0.103257891853163,0.131185176075103,,1962_MAY
0.079971378664482,0.114519427402867,,1962_JUN
0.0231233314414251,0.136989102210228,,1962_JUL
0.050419108842248,0.0939197190575373,,1962_AUG
0.193151518968733,0.097823428711171,,1962_SEP
0.178556423829927,0.0671960904092827,,1962_OCT
0.153126507666812,0.0875478459157883,,1962_NOV
-0.0229611539023492,0.0325123953507293,,1962_DEC
0.091936730813432,0.097543132353839,,1963_JAN
0.104401570199612,0.11168646563103,,1963_FEB
0.0898191084931277,0.121802679658948,,1963_MAR
0.00625117209476963,0.0992847445950553,,1963_APR
0.024978144123892,0.121432908318157,,1963_MAY
0.124992187988249,0.157766990291264,,1963_JUN
0.19375,0.147474747474748,,1963_JUL
0.185115853404882,0.116959064327486,,1963_AUG
0.105846460369833,0.120787534726411,,1963_SEP
0.103564696866136,0.164926889116838,,1963_OCT
0.105491777846733,0.164777750984646,,1963_NOV
0.161370407149956,0.15244513980824,,1963_DEC
0.167255157034011,0.124086860802556,,1964_JAN
0.167017196585428,0.157968406318728,,1964_FEB
0.137945233683342,0.141767501297877,,1964_MAR
0.0924556213017717,0.125620625710362,,1964_APR
0.0492398596663983,0.0895575855274963,,1964_MAY
0.0758647556949803,0.081519037677702,,1964_JUN
0.094248775790362,0.085419149781485,,1964_JUL
0.114723536762747,0.101226628557812,,1964_AUG
0.118653082934417,0.091237256535363,,1964_SEP
0.0960261518030413,0.0713309160078463,,1964_OCT
0.118413262285374,0.0751954091223897,,1964_NOV
0.116193737769077,0.108790252393387,,1964_DEC
0.132420649472357,0.140380014631155,,1965_JAN
0.0996846709388674,0.132282967087205,,1965_FEB
0.093444654356345,0.104493207941488,,1965_MAR
0.109575698545084,0.0984445757038783,,1965_APR
0.170378483631498,0.119960668633238,,1965_MAY
0.224855666970525,0.092374213836477,,1965_JUN
0.196185506542886,0.0863761287789533,,1965_JUL
0.129152036162572,0.0881782376109587,,1965_AUG
0.0482916817578173,0.135238431234197,,1965_SEP
0.0341818474283163,0.0900689223057637,,1965_OCT
0.0824186869296047,0.0898999374609133,,1965_NOV
0.186859553948164,0.152260482548601,,1965_DEC
0.216932811087678,0.173794180824053,,1966_JAN
0.298782810964722,0.192959887732432,,1966_FEB
0.259745449459525,0.134079514981929,,1966_MAR
0.335269113332933,0.244769508712632,,1966_APR
0.238492725971858,0.251923337790435,,1966_MAY
0.239893733024051,0.317405020418438,,1966_JUN
0.189674589532333,0.295053514608042,,1966_JUL
0.276264898571317,0.26734368088012,,1966_AUG
0.299200818865393,0.262648338797189,,1966_SEP
0.322194062985015,0.27334939022059,,1966_OCT
0.242680444653202,0.295745086815498,,1966_NOV
0.206796987787272,0.294833751807041,,1966_DEC
0.120638997528847,0.216142426483135,,1967_JAN
0.110748426206582,0.192907801418437,,1967_FEB
0.0581665891112193,0.14141071327564,,1967_MAR
0.112448864848099,0.203447301497602,,1967_APR
0.137492980111927,0.21624264304921,,1967_MAY
0.226454534897217,0.249708985768467,,1967_JUN
0.284041504840293,0.271489823812465,,1967_JUL
0.323999074288365,0.300788401898148,,1967_AUG
0.319126439433259,0.33543914574831,,1967_SEP
0.29888492930222,0.345442389124137,,1967_OCT
0.305600122240042,0.349941676387267,,1967_NOV
0.257069408740366,0.313647349679891,,1967_DEC
0.319015608978016,0.3382228594537,,1968_JAN
0.344462109167993,0.375622984462033,,1968_FEB
0.400604686318973,0.425874138655847,,1968_MAR
0.34984764699244,0.400334825490407,,1968_APR
0.337192312015283,0.382308709753407,,1968_MAY
0.336096795877213,0.38079768994767,,1968_JUN
0.333184424093513,0.368612219944613,,1968_JUL
0.346797225622193,0.37259959873889,,1968_AUG
0.35492457852706,0.376496618667803,,1968_SEP
0.399918910451333,0.40192783083463,,1968_OCT
0.376264155791713,0.398596938775517,,1968_NOV
0.329236172080775,0.36346954619239,,1968_DEC
0.313228438228437,0.353207865464703,,1969_JAN
0.284946822026207,0.341368625597393,,1969_FEB
0.373107295515467,0.397947429050163,,1969_MAR
0.389694739121027,0.399930446878797,,1969_APR
0.439093739315083,0.419352602758717,,1969_MAY
0.444205624216373,0.37772948359723,,1969_JUN
0.444040231114913,0.405498281786947,,1969_JUL
0.40141382923927,0.364513810452817,,1969_AUG
0.378265634390353,0.383729854182653,,1969_SEP
0.344930749872413,0.37176614381748,,1969_OCT
0.39839239017884,0.40627697933066,,1969_NOV
0.412472035794183,0.39622323385601,,1969_DEC
0.418038355019073,0.36262906069,,1970_JAN
0.405827263267433,0.362918736306923,,1970_FEB
0.33492162143498,0.363242522702657,,1970_MAR
0.385336567408097,0.38529885572883,,1970_APR
0.358109728933213,0.375554232016413,,1970_MAY
0.362355997675453,0.370864856846163,,1970_JUN
0.314609798819795,0.366119949432757,,1970_JUL
0.296665480004747,0.363190184049083,,1970_AUG
0.360150147103583,0.383085550339073,,1970_SEP
0.404326291317087,0.420604761440777,,1970_OCT
0.448633934872467,0.477415804890677,,1970_NOV
0.446630200230843,0.506051668842367,,1970_DEC
0.351210093545053,0.473097586400447,,1971_JAN
0.316670811572576,0.427595889973837,,1971_FEB
0.278960747416727,0.36671905510311,,1971_MAR
0.339312480440123,0.358950031625553,,1971_APR
0.381027460254893,0.37807183364839,,1971_MAY
0.419060714694953,0.403555053074553,,1971_JUN
0.388070896313327,0.406752084604433,,1971_JUL
0.3458690568979,0.306853582554519,,1971_AUG
0.247344682089334,0.229617562640601,,1971_SEP
0.198249601083115,0.154557116582432,,1971_OCT
0.17035501341948,0.183667484681512,,1971_NOV
0.251941716413118,0.232669224487281,,1971_DEC
0.33807601102352,0.323071952739181,,1972_JAN
0.40133672310964,0.33769263830048,,1972_FEB
0.316944590440701,0.298384135145061,,1972_MAR
0.229994448409869,0.233121543173202,,1972_APR
0.172212216007842,0.22033795283248,,1972_MAY
0.17512305944718,0.222940079166478,,1972_JUN
0.244171392564592,0.240581025873809,,1972_JUL
0.267207368636139,0.233986987304324,,1972_AUG
0.36724892885729,0.27720027720027,,1972_SEP
0.284619594964419,0.201300944912641,,1972_OCT
0.286912725514961,0.218864304131442,,1972_NOV
0.243716915816764,0.20767966532198,,1972_DEC
0.307019584128021,0.209051949409426,,1973_JAN
0.38340831439482,0.226372382569321,,1973_FEB
0.51471721374634,0.261333095757791,,1973_MAR
0.663747407236683,0.43478906052917,,1973_APR
0.65263576199428,0.45856631460608,,1973_MAY
0.60553633217993,0.46850828729282,,1973_JUN
0.4775462858348,0.41747231499385,,1973_JUL
0.700065959105353,0.44358839666141,,1973_AUG
0.640939647334137,0.467826061689113,,1973_SEP
0.709915047822733,0.45426269114477,,1973_OCT
0.59757153973777,0.460802949138877,,1973_NOV
0.74145571008643,0.47711154094133,,1973_DEC
0.873978419567807,0.51238136016556,,1974_JAN
0.990913024664653,0.563888415430943,,1974_FEB
1.10586552217453,0.639884735994573,,1974_MAR
1.02027802576202,0.726715582918673,,1974_APR
0.959504699471917,0.836650604092467,,1974_MAY
0.85434580927457,0.920266655579117,,1974_JUN
0.86485445970658,0.967080736797217,,1974_JUL
0.88500394847916,0.967407891868327,,1974_AUG
0.949102200621033,0.92386539888057,,1974_SEP
0.94215717808513,0.88901366273629,,1974_OCT
0.842219746405644,0.810359895129897,,1974_NOV
0.758739285104813,0.74540682414698,,1974_DEC
0.725969371130667,0.677109782934227,,1975_JAN
0.655877672992593,0.669614002430257,,1975_FEB
0.503125280761877,0.60715752721298,,1975_MAR
0.408184091025053,0.575570784996873,,1975_APR
0.360305498464893,0.480281832927817,,1975_MAY
0.4564477993147,0.46896864717673,,1975_JUN
0.63133222440647,0.511855476100863,,1975_JUL
0.642618671084667,0.484703119339407,,1975_AUG
0.59871276754977,0.503487114459407,,1975_SEP
0.505818770946953,0.464576074332167,,1975_OCT
0.576283708902843,0.571337101203007,,1975_NOV
0.595500661667403,0.59274499718324,,1975_DEC
0.52749555344395,0.59710950257123,,1976_JAN
0.35466143752875,0.50844379880152,,1976_FEB
0.220296135789096,0.415132481409283,,1976_MAR
0.16909516100018,0.37470669922904,,1976_APR
0.285053836848596,0.399451499433613,,1976_MAY
0.38149224458556,0.42547628385686,,1976_JUN
0.476088201603667,0.478270649098503,,1976_JUL
0.501145985488147,0.513726876399197,,1976_AUG
0.542707150964813,0.573842633339193,,1976_SEP
0.548203046879593,0.554369011355817,,1976_OCT
0.515952406022957,0.512891921372043,,1976_NOV
0.515397950042467,0.498373364712397,,1976_DEC
0.534703656123057,0.538412086145933,,1977_JAN
0.645191022627773,0.59197293837996,,1977_FEB
0.62555853440572,0.552410829980223,,1977_MAR
0.625363086491473,0.51290741682201,0.494362512075382,1977_APR
0.532347755323477,0.478339958229463,0.461256019055726,1977_MAY
0.552181736392267,0.536696632228633,0.455430231131748,1977_JUN
0.531106042309587,0.57856848804477,0.480594549413101,1977_JUL
0.517304675766777,0.572307828551193,0.492030003864448,1977_AUG
0.455787505669687,0.51278665434218,0.457071528473459,1977_SEP
0.43803171877923,0.46808184870457,0.429237361918829,1977_OCT
0.474343806143463,0.47667243462078,0.439553218484982,1977_NOV
0.510755328553187,0.50826885146412,0.455872609883978,1977_DEC
0.552930313399593,0.54680169540881,0.457486576919005,1978_JAN
0.516293488005357,0.502140534972803,0.427218480849286,1978_FEB
0.570765212344013,0.51130965724106,0.442907436720789,1978_MAR
0.627257378555703,0.527365718045037,0.496732345740658,1978_APR
0.711573438846173,0.59616299349928,0.563906393082407,1978_MAY
0.713334601483737,0.60135831283248,0.572412607677146,1978_JUN
0.641892954910167,0.58182653839324,0.569234191976024,1978_JUL
0.57173206698325,0.56388049471947,0.536089617549814,1978_AUG
0.54319148275755,0.570047710514897,0.553277505689653,1978_SEP
0.627707632307387,0.619071085376363,0.605542943982074,1978_OCT
0.648094111865343,0.619855809488793,0.635345277919012,1978_NOV
0.61389041597948,0.556401665143673,0.613327461298296,1978_DEC
0.59994545950368,0.481791700684387,0.610460773644224,1979_JAN
0.588530681932313,0.411039931025493,0.605736185719656,1979_FEB
0.694756835107714,0.473365689975433,0.613710783770742,1979_MAR
0.79173735750216,0.612040100549443,0.568531856563685,1979_APR
0.962221695878727,0.79523059706666,0.606345599405519,1979_MAY
0.97728162945554,0.790696758438697,0.617473116644329,1979_JUN
0.88191113049377,0.647836479828283,0.646747109937455,1979_JUL
0.790384928970877,0.57841487241986,0.642592303249493,1979_AUG
0.80959719923132,0.619439234357713,0.681777051292191,1979_SEP
0.82802247084927,0.696737393168527,0.730267334311652,1979_OCT
0.80393534785664,0.688343791595353,0.69910909595808,1979_NOV
0.789471240027114,0.700680850260153,0.689682253185264,1979_DEC
0.86783483500083,0.710596132032133,0.691748449224602,1980_JAN
1.00000914921454,0.831842909307697,0.752709420535684,1980_FEB
1.13231171234928,0.902675656428333,0.788237944445247,1980_MAR
0.952663146931003,0.818761760521367,0.695197378994764,1980_APR
0.849189006733107,0.754332869827593,0.669855468268262,1980_MAY
0.647589964988023,0.6654600138675,0.655065855622317,1980_JUN
0.734145170442147,0.729253455890913,0.661455255660111,1980_JUL
0.752732879441473,0.70120244221079,0.645840504808811,1980_AUG
0.85216268560362,0.79545855846311,0.665538955975535,1980_SEP
0.86011035378124,0.836379895321007,0.720374143574213,1980_OCT
0.8538537775406,0.858227142956617,0.722726541843547,1980_NOV
0.76041797809392,0.742426986056867,0.683136737079419,1980_DEC
0.814328179252117,0.75775069488988,0.698498858032111,1981_JAN
0.881257381666217,0.738251616516477,0.738448154615871,1981_FEB
0.897729417460593,0.722877338596757,0.714991774127727,1981_MAR
0.720131997106463,0.64557671240896,0.668124472809129,1981_APR
0.53026279792079,0.631765956033737,0.584435522593885,1981_MAY
0.429901314475207,0.612590299277603,0.549183711745334,1981_JUN
0.4861127686151,0.600497132872297,0.53389765488383,1981_JUL
0.545720961546073,0.59394324542322,0.547851988565588,1981_AUG
0.615340922538047,0.646934358051417,0.585736598034618,1981_SEP
0.564599604780273,0.64466739191748,0.569286825803557,1981_OCT
0.534592665326287,0.615564414133167,0.532264889960129,1981_NOV
0.434550228894107,0.519304942542443,0.470125144028769,1981_DEC
0.481940717436227,0.52492193367327,0.448297289863353,1982_JAN
0.402669121030833,0.4582144569412,0.411454855327942,1982_FEB
0.385374134055143,0.480799348493397,0.413864021585246,1982_MAR
0.202950767336326,0.407823359561667,0.358661922900113,1982_APR
0.300860141714976,0.461304678172143,0.391204370479252,1982_MAY
0.458070660800947,0.483226035539497,0.402414669157595,1982_JUN
0.641432456935633,0.568203661415203,0.503835772982571,1982_JUL
0.545266098868913,0.539891562856077,0.458242613922066,1982_AUG
0.394446432832257,0.495343316289267,0.392699591330126,1982_SEP
0.383968215140803,0.490640781396473,0.345638302945902,1982_OCT
0.3813070852177,0.459796064266093,0.304975278001011,1982_NOV
0.338985548898663,0.44235512869535,0.301710531809192,1982_DEC
0.307047434798221,0.458937737943573,0.311274555201805,1983_JAN
0.263019463440295,0.459478317670983,0.343043906764096,1983_FEB
0.255327220070178,0.39512530799796,0.324454719577176,1983_MAR
0.251964158643022,0.267507404222796,0.304755064530826,1983_APR
0.289955926699144,0.191835987552628,0.284722801274007,1983_MAY
0.372115920624923,0.305669511294412,0.314701976512303,1983_JUN
0.40862214342853,0.430145155763583,0.283554523149343,1983_JUL
0.45705415660573,0.555470621209803,0.283554523149343,1983_AUG
0.4496280544995,0.534046361310987,0.305423490322032,1983_SEP
0.316816175423607,0.367083414307617,0.272024242482509,1983_OCT
0.221182475542318,0.272108843537418,0.297438573748265,1983_NOV
0.122213980431633,0.161895388477618,0.250004311268863,1983_DEC
0.210867802108676,0.213579376775382,0.319333861243461,1984_JAN
0.388743344882953,0.34661552667093,0.331702132368483,1984_FEB
0.48073539141574,0.449270733524963,0.375474859594497,1984_MAR
0.462534690101757,0.495886476659383,0.367449138548219,1984_APR
0.27914682705427,0.362028484260547,0.303389865733394,1984_MAY
0.228971087196358,0.313738672493239,0.287455607903301,1984_JUN
0.221190002211902,0.300419611615295,0.289058620745797,1984_JUL
0.281660971316144,0.333103846341073,0.341792644738563,1984_AUG
0.267377836582527,0.30526301183588,0.356673245041147,1984_SEP
0.226598549769282,0.236254740637887,0.317889048249372,1984_OCT
0.171140273413702,0.196920873612605,0.2619028368357,1984_NOV
0.22013030073081,0.278430887266431,0.254897145566679,1984_DEC
0.308275702145651,0.39098672702953,0.251919741233057,1985_JAN
0.416811392844737,0.49420236286227,0.349337101814196,1985_FEB
0.453671821410867,0.478615696140397,0.35663237666134,1985_MAR
0.33450918379759,0.330180684090986,0.330442339989371,1985_APR
0.25829885985269,0.271819776069064,0.262534166828495,1985_MAY
0.21842985118629,0.265494458223266,0.267105784208847,1985_JUN
0.252236339428487,0.323585488332127,0.268472817166939,1985_JUL
0.283679422228452,0.372652523265697,0.290921652569661,1985_AUG
0.248959893493087,0.330746045717641,0.273392459183304,1985_SEP
0.222452421743228,0.286565338226885,0.287847641951237,1985_OCT
0.209144097635883,0.204446208813021,0.286230500376853,1985_NOV
0.26495404600025,0.226474394527639,0.294606318601609,1985_DEC
0.363458861865847,0.35334058472593,0.336232840447104,1986_JAN
0.265719547487508,0.357737050116067,0.303114763355354,1986_FEB
0.079973779088823,0.368570510424257,0.24508148303121,1986_MAR
-0.14094432699084,0.248527426077764,0.204924417958689,1986_APR
-0.080259963980896,0.219259721924026,0.194838655812394,1986_MAY
0.117057731041877,0.217945474712485,0.255747969248225,1986_JUN
0.193966082147257,0.218199241158727,0.249492383594233,1986_JUL
0.174643354722237,0.22946157326611,0.266129542717689,1986_AUG
0.159658006034421,0.239084904140485,0.260199097704968,1986_SEP
0.21108591978735,0.292042172433534,0.286773239608951,1986_OCT
0.229041409645762,0.294655753490614,0.288949791465491,1986_NOV
0.165382520040473,0.227784602784601,0.270530415737783,1986_DEC
0.262844416822043,0.194491738883684,0.300873284487017,1987_JAN
0.320537676101851,0.191534310731016,0.310380889308741,1987_FEB
0.36333597929694,0.247210147690587,0.335304328740419,1987_MAR
0.330802533369301,0.308747638429252,0.338245043188505,1987_APR
0.298281998105332,0.334693619309733,0.337430588847062,1987_MAY
0.336435949489917,0.327397286198217,0.317398212171693,1987_JUN
0.288754476012391,0.271993467131508,0.255625283717735,1987_JUL
0.336238945351657,0.291276731687155,0.292242063908854,1987_AUG
0.322329876187403,0.332333833083457,0.297123236411268,1987_SEP
0.35122234202877,0.388799581292757,0.331038582277314,1987_OCT
0.282006833484072,0.345262268919563,0.28378544116261,1987_NOV
0.230981577810748,0.28266409361933,0.242335938551993,1987_DEC
0.254586297266942,0.298091965066583,0.264858189015775,1988_JAN
0.241026886642626,0.296856273624043,0.26186514043931,1988_FEB
0.294044510754699,0.369832011628553,0.313349717186277,1988_MAR
0.326967377573006,0.374195753824367,0.30263010339923,1988_APR
0.374712473102323,0.41972781656249,0.309708439558576,1988_MAY
0.402393408882233,0.417940505653417,0.328825331079926,1988_JUN
0.402286162827773,0.391773363033257,0.34196191169924,1988_JUL
0.404177520147727,0.36096522100096,0.365821398533761,1988_AUG
0.424992997966367,0.398986358979887,0.387776577265853,1988_SEP
0.3714341113454,0.38960883988449,0.347056893233999,1988_OCT
0.34979610330766,0.398164515149897,0.333259580581443,1988_NOV
0.2909842964673,0.329739937603968,0.28764025578758,1988_DEC
0.35355805243446,0.372133071483753,0.33896587236298,1989_JAN
0.38741614951394,0.365233961465163,0.352765523579827,1989_FEB
0.407667000429127,0.354061151753893,0.360611113070678,1989_MAR
0.45895223694743,0.296869167599848,0.335980488410281,1989_APR
0.469841494982453,0.311825517333656,0.339216833633397,1989_MAY
0.418050354459593,0.301037098907216,0.318082484435707,1989_JUN
0.274906853369365,0.274593457160529,0.303810200209072,1989_JUL
0.156768128864567,0.22132692407449,0.272958319393609,1989_AUG
0.15817080120489,0.248331522582642,0.281093275002571,1989_SEP
0.208844567430688,0.283817256089169,0.31462561048378,1989_OCT
0.277845450643281,0.326365151072709,0.323328050872126,1989_NOV
0.300378511650516,0.305265980816749,0.334694994151049,1989_DEC
0.42315963034066,0.312690101368444,0.310843521393389,1990_JAN
0.498173555382973,0.38613979281134,0.318976622725642,1990_FEB
0.52770751237532,0.452330065248607,0.362142938709679,1990_MAR
0.343848023727793,0.422996119249987,0.352427284042952,1990_APR
0.271491160950614,0.36266003004417,0.334215395440636,1990_MAY
0.293056426066777,0.331916412848236,0.316608043198811,1990_JUN
0.30540200934237,0.316469776858212,0.322003690065757,1990_JUL
0.453139933659417,0.35376639219274,0.381915381021821,1990_AUG
0.511037972416267,0.340243141283757,0.342254013192197,1990_SEP
0.620892588932253,0.369690859104253,0.332799691381491,1990_OCT
0.43929712460064,0.270494186843995,0.24096853343003,1990_NOV
0.2646158934921,0.200114819978673,0.241780654473075,1990_DEC
0.200621598066138,0.25338390113124,0.248787657167789,1991_JAN
0.175185039197652,0.305326062110178,0.268528379750732,1991_FEB
0.150955779801458,0.328816857163039,0.23009247425636,1991_MAR
0.0844543973497647,0.228758700131415,0.199538302734588,1991_APR
0.205855443732846,0.269656619261031,0.245822388851128,1991_MAY
0.255358999907436,0.272324119521228,0.250484428520958,1991_JUN
0.247287984521405,0.307229562788695,0.241216835729596,1991_JUL
0.186730750495245,0.265887727970641,0.204196622121115,1991_AUG
0.245312584427511,0.32723700927794,0.232524319773549,1991_SEP
0.255177734259093,0.299101630689321,0.24342163157336,1991_OCT
0.250816769200135,0.269621892448465,0.261333202911329,1991_NOV
0.219382938551319,0.218327914783393,0.276221310971225,1991_DEC
0.202377128172178,0.23578187802639,0.2666789806405,1992_JAN
0.213685487015932,0.26429955353382,0.244678399370331,1992_FEB
0.211021054146084,0.265225520472256,0.225192097098755,1992_MAR
0.255968155645666,0.283884078921874,0.217819563379621,1992_APR
0.215509233455953,0.23975930046698,0.213458446861581,1992_MAY
0.193807685586744,0.182368603421231,0.190300519428166,1992_JUN
0.213881715489787,0.19891040722102,0.201207493703744,1992_JUL
0.214124856942447,0.182554623766329,0.188365217202106,1992_AUG
0.209534338887574,0.21091470650727,0.170262663587661,1992_SEP
0.217240727913863,0.21321851542091,0.185994257477895,1992_OCT
0.23843586075345,0.255834945196646,0.214608217043888,1992_NOV
0.242232092874817,0.263659302744738,0.24121167356194,1992_DEC
0.205407321676206,0.23238276981794,0.221092905981513,1993_JAN
0.189914252414258,0.223174296054015,0.214031156904348,1993_FEB
0.199970913321705,0.234000592665258,0.208569283100927,1993_MAR
0.20777632697051,0.233830541631005,0.223800804031941,1993_APR
0.260752145772865,0.283214098672402,0.232492398802734,1993_MAY
0.203425184450875,0.242009132420096,0.217685726470696,1993_JUN
0.167869041550158,0.213989770985412,0.196180215398326,1993_JUL
0.12166386891103,0.163354206370814,0.161302008593537,1993_AUG
0.145228748107666,0.181835582352371,0.170070244900152,1993_SEP
0.196744493459781,0.167385469131716,0.180697564886434,1993_OCT
0.203058667075847,0.191155663927267,0.194377346683727,1993_NOV
0.175766679951354,0.155800695342016,0.19684065749032,1993_DEC
0.082005205547834,0.127537623598961,0.179646692267118,1994_JAN
0.0960849207680767,0.11374010386267,0.189181946263961,1994_FEB
0.180435688654409,0.212419033942172,0.211257593840249,1994_MAR
0.20882872995549,0.23616633284506,0.205224736949542,1994_APR
0.179958229413798,0.238141403294205,0.20495258460506,1994_MAY
0.169353574877033,0.198686981295674,0.193800567941064,1994_JUN
0.235300058067608,0.21867331591862,0.209674293152247,1994_JUL
0.263697922181379,0.181658422928455,0.185625844689937,1994_AUG
0.219298245614034,0.158106271056206,0.164027325248273,1994_SEP
0.170474772240696,0.166622430623139,0.153650780173879,1994_OCT
0.15707696771418,0.190493023438491,0.175227815887524,1994_NOV
0.141412324358899,0.150987053350393,0.174678841694909,1994_DEC
0.152646623067598,0.155523277139547,0.209513166679232,1995_JAN
0.148373862301088,0.14889233863488,0.191478875379758,1995_FEB
0.188582545914133,0.219603250128094,0.211462639384082,1995_MAR
0.208559893932396,0.21419009370817,0.189736626618453,1995_APR
0.200755435267526,0.216270333056312,0.19767351551044,1995_MAY
0.171688684379793,0.163382057062515,0.174126898537737,1995_JUN
0.1258383051801,0.138334663474319,0.162390324581703,1995_JUL
0.146339300232075,0.161760729323605,0.167028507780986,1995_AUG
0.136844022426671,0.176576159323797,0.175535427631653,1995_SEP
0.181410577859061,0.205199346830246,0.203313334831612,1995_OCT
0.108416239869709,0.14656344755671,0.195114662161792,1995_NOV
0.149520798097898,0.149730772553195,0.203055936356818,1995_DEC
0.137399578510896,0.10628060953366,0.189471054331854,1996_JAN
0.191191499557479,0.128219849198145,0.184542074545361,1996_FEB
0.227916056612979,0.15861640628733,0.194093629655227,1996_MAR
0.253705759753794,0.166072527881574,0.180446037730516,1996_APR
0.258654220147799,0.180631017062249,0.196570498488528,1996_MAY
0.15705207439615,0.128859851834943,0.183188934071432,1996_JUN
0.127586156901975,0.146255063131847,0.193840167066946,1996_JUL
0.101796638298694,0.117085472394847,0.185925890375708,1996_AUG
0.196841846260728,0.192782269715182,0.200943209720002,1996_SEP
0.227238807766561,0.20944141077465,0.209928712613516,1996_OCT
0.25491921946621,0.224376234069286,0.224115401053108,1996_NOV
0.199043631323237,0.13563153433173,0.209361597557689,1996_DEC
0.14154078622081,0.0920862227734947,0.192731488722372,1997_JAN
0.151790700671602,0.116833940963675,0.173089147935102,1997_FEB
0.148277407481571,0.183861466013768,0.168982615698354,1997_MAR
0.13760921838916,0.213651186326317,0.166796422501244,1997_APR
0.0527433678778683,0.169261701033337,0.152533780973566,1997_MAY
0.0602824255369727,0.139005504244801,0.154449910466588,1997_JUN
0.0474198841058073,0.0963687150838057,0.135535530016565,1997_JUL
0.0891899841545473,0.058616647127785,0.132786433827459,1997_AUG
0.126980517019182,0.078504603435629,0.145340104575527,1997_SEP
0.15058101542745,0.106303470877952,0.134317941973161,1997_OCT
0.125857582209599,0.130030557180942,0.138715505623462,1997_NOV
0.0382327952421323,0.0801738799986944,0.102834741565598,1997_DEC
0.0113134970019265,0.0805152979065953,0.11274714922056,1998_JAN
-0.0080132737522831,0.0989943286426653,0.108627817932276,1998_FEB
0.0042432214537295,0.115117891816922,0.143425255430681,1998_MAR
0.0292166176581491,0.125559710104787,0.157699450761243,1998_APR
0.0924105480039813,0.129141760755661,0.185369724714553,1998_MAY
0.058926130203174,0.0516017268149243,0.15218372411839,1998_JUN
0.0998144957013853,0.0841588256394723,0.15437346507862,1998_JUL
0.100148106354473,0.117157349211598,0.146461549324946,1998_AUG
0.109173901790549,0.153645869272208,0.163508200720634,1998_SEP
0.099985917476412,0.124773503979444,0.160496079223985,1998_OCT
0.0553149200277493,0.0654698952939533,0.149818909750032,1998_NOV
0.10834845990404,0.12867184101472,0.141036148426791,1998_DEC
0.0819023817212623,0.111054745876582,0.138022796054083,1999_JAN
0.061775194451467,0.093671464473381,0.112971588097962,1999_FEB
0.053297427697833,0.0460707573850083,0.113795358282887,1999_MAR
0.167605068302571,0.0842671039446094,0.134539212868412,1999_APR
0.208339172435701,0.127582985897523,0.162622759117988,1999_MAY
0.193244832801202,0.135288410292852,0.162897700377037,1999_JUN
0.120777996107228,0.109498171244238,0.160174008613826,1999_JUL
0.159693981765171,0.0939606454687823,0.154139090665084,1999_AUG
0.269633094793901,0.164684105942237,0.17713998595487,1999_SEP
0.236981083170177,0.161671602858463,0.165394319705103,1999_OCT
0.206057917983404,0.177434978228012,0.180464310448588,1999_NOV
0.163888390164857,0.131370451128839,0.167614901268361,1999_DEC
0.198541273145914,0.154581795402205,0.200283187635897,2000_JAN
0.274127338347522,0.171542804657321,0.205201944528903,2000_FEB
0.339916349426673,0.19785596086049,0.23141947777845,2000_MAR
0.220665835172218,0.139513184220208,0.193785681187686,2000_APR
0.143004832105949,0.126318618558082,0.193512717950591,2000_MAY
0.112917488606223,0.083145585237639,0.174712928853027,2000_JUN
0.22466096617831,0.13759152293266,0.200383284997718,2000_JUL
0.19454458880348,0.144584119844171,0.188894341712587,2000_AUG
0.22507253843859,0.200212251741264,0.215030172844618,2000_SEP
0.18664033865754,0.170392614837067,0.205493146998551,2000_OCT
0.235795890028038,0.18661441463057,0.223264148991009,2000_NOV
0.143206019142024,0.138292355358161,0.203951392765108,2000_DEC
0.259572579452076,0.216001841327174,0.233012836167738,2001_JAN
0.264582242099472,0.216062883577894,0.23219467360435,2001_FEB
0.216348625247531,0.218058222428212,0.231102063509107,2001_MAR
0.113436182138467,0.146885499674558,0.215656083919772,2001_APR
0.149681981309742,0.095702181834138,0.210744917259342,2001_MAY
0.205626984655694,0.135510268520833,0.23305207668652,2001_JUN
0.135661750036572,0.168571303472135,0.215059653907142,2001_JUL
0.0437752868607773,0.17728633713295,0.209592806317405,2001_AUG
-0.128446198257367,-0.087353791591327,0.169240045621977,2001_SEP
-0.00044154204142203,0.0605545753555943,0.162679914686422,2001_OCT
-0.0189885715295028,0.11190504182288,0.162406697532262,2001_NOV
0.0602620513025027,0.310920763376162,0.149481972661773,2001_DEC
-0.0269344213073378,0.0943634165644727,0.146197894475838,2002_JAN
0.051696027359127,0.0902660243891813,0.153835026892405,2002_FEB
0.176921477825109,0.12235122611548,0.182091818022127,2002_MAR
0.286796321583083,0.196866612029682,0.193856001354738,2002_APR
0.252344777080737,0.170090108805732,0.172233130834661,2002_MAY
0.203265446194045,0.183287943630317,0.164306145844454,2002_JUN
0.137136347704174,0.158206703308543,0.167578198912858,2002_JUL
0.180831034633748,0.186881278715771,0.174710550478604,2002_AUG
0.19940964250574,0.188304485773975,0.188914228617746,2002_SEP
0.18675358562521,0.148449432803033,0.181542466997782,2002_OCT
0.154161713024048,0.115186160532684,0.181542466997782,2002_NOV
0.126063388149178,0.0919133364113643,0.158570085647221,2002_DEC
0.164885469684939,0.0862827511383337,0.144331929943239,2003_JAN
0.272659098100917,0.099854059451565,0.135833766882879,2003_FEB
0.326529905202388,0.122356231428074,0.146787167135172,2003_MAR
0.169255147817604,0.136758691206551,0.116721644090549,2003_APR
-0.0094591921849833,0.138697435373802,0.111779137082276,2003_MAY
-0.058754154604912,0.103643669665539,0.0824207119640708,2003_JUN
0.0957990196710203,0.15020175405099,0.143282208370743,2003_JUL
0.247299064134321,0.139817474642194,0.165754454371525,2003_AUG
0.315770479971126,0.167687187174474,0.191625422470835,2003_SEP
0.221462595524483,0.145726414496609,0.170075768590383,2003_OCT
0.150702066710218,0.153578721752479,0.16296744834905,2003_NOV
0.120015831875701,0.148730523885362,0.155016189431915,2003_DEC
0.245107425989051,0.172848851879892,0.169211519355739,2004_JAN
0.274122807017544,0.181433323253703,0.182324085304305,2004_FEB
0.251892373258696,0.195888440065269,0.194389762543542,2004_MAR
0.184600827113091,0.197060410939986,0.216928434333489,2004_APR
0.222146346809652,0.188805346700086,0.218565232124401,2004_MAY
0.265996624536509,0.185569761720091,0.227589750172674,2004_JUN
0.234836454683703,0.138088226730892,0.190285520347004,2004_JUL
0.143208883975676,0.105085646878996,0.162913273751871,2004_AUG
0.113990805576777,0.114872458395017,0.147612656479497,2004_SEP
0.226518991302171,0.147873847453835,0.154991381629059,2004_OCT
0.33856186259058,0.207026478686623,0.179631614638846,2004_NOV
0.290039615166952,0.187214838325726,0.18182422588929,2004_DEC
0.190184964200476,0.235058331580699,0.2190211486925,2005_JAN
0.154370671223495,0.218505030553673,0.226110811021781,2005_FEB
0.236795749227525,0.25808890916339,0.233782673182496,2005_MAR
0.286748983400694,0.176083012903202,0.191646118198907,2005_APR
0.21241105030485,0.189282443746726,0.175003691178059,2005_MAY
0.133128520225297,0.130092043179138,0.158294464654237,2005_JUN
0.180957399442017,0.140533538634502,0.178735474152466,2005_JUL
0.297207150934686,0.0991882014821293,0.174628652568742,2005_AUG
0.600571195430437,0.149897630886227,0.217471040517651,2005_SEP
0.51150167792052,0.197137850467288,0.219374084745017,2005_OCT
0.305101343012411,0.255340880074906,0.237972304929642,2005_NOV
-0.0164318119880084,0.215953897482561,0.195653641514837,2005_DEC
0.091631154592564,0.194769059543683,0.198910938910831,2006_JAN
0.18164102440726,0.16330208069375,0.184715517229591,2006_FEB
0.246598741744952,0.220992699204829,0.215614971537111,2006_MAR
0.239822507402176,0.248160843506325,0.220496831712635,2006_APR
0.309867917304748,0.278181374256015,0.264011942888283,2006_MAY
0.327577834563246,0.2702303544129,0.288975809964468,2006_JUN
0.286444404825577,0.20056348789456,0.282723755998967,2006_JUL
0.301877249756011,0.184977889981819,0.257492111420336,2006_AUG
0.131253769111613,0.153232128857524,0.215354460414474,2006_SEP
-0.06127884230126,0.181168019493364,0.190815461197399,2006_OCT
-0.154282917278514,0.128690983735987,0.141201347055375,2006_NOV
0.0510392373952673,0.121000003941366,0.162431791554544,2006_DEC
0.241631445144945,0.195925689870879,0.201296759025449,2007_JAN
0.33439158434733,0.252459712620623,0.26784091756212,2007_FEB
0.337912001756207,0.241124725102108,0.245995620581393,2007_MAR
0.30474940222233,0.153321443098971,0.204612853961028,2007_APR
0.297963332982791,0.120597602098164,0.163510859700811,2007_MAY
0.246427767558462,0.142310181611186,0.173881327050747,2007_JUN
0.218748064176425,0.144832741543636,0.179080212052122,2007_JUL
0.144380361182524,0.155161753211145,0.187567666261712,2007_AUG
0.202244334269438,0.191010843359463,0.204419356615015,2007_SEP
0.252708830962023,0.227938782155649,0.229758492211614,2007_OCT
0.407825953259537,0.243857122950438,0.259723633992478,2007_NOV
0.356100810990873,0.219646172790896,0.244754582785619,2007_DEC
0.338990815181293,0.199054395367463,0.233332061118804,2008_JAN
0.228219470424507,0.166001890577087,0.195721789012778,2008_FEB
0.246635751954908,0.164519098021169,0.196266609259725,2008_MAR
0.224096622300829,0.117498918780308,0.185633314834173,2008_APR
0.300966260098212,0.145678955699835,0.199582655923029,2008_MAY
0.448280400895057,0.156842093212288,0.212359245163888,2008_JUN
0.542798905393077,0.197559115179254,0.239029881334107,2008_JUL
0.37078567690812,0.177784884097202,0.215442666339771,2008_AUG
0.15585514377637,0.13521725919173,0.194480794056558,2008_SEP
-0.219402736993742,0.0276773053678792,0.147028080080373,2008_OCT
-0.583699300595897,-0.0280220237960001,0.164289654444979,2008_NOV
-0.793747529927123,-0.078305869535611,0.127220096358312,2008_DEC
-0.573706186582783,-0.0412921018437483,0.163264866935742,2009_JAN
-0.123034551262513,0,0.153961539898935,2009_FEB
0.0268640226414485,0.0401930784485433,0.172155377796209,2009_MAR
0.0707465080734233,0.124788542211903,0.138572903350805,2009_APR
0.045695209178313,0.12393123521921,0.125946427880167,2009_MAY
0.280899938375923,0.142778693025806,0.121276968267684,2009_JUN
0.236706495271529,0.0971156280584823,0.0865047212190569,2009_JUL
0.299063587782518,0.120829038238616,0.0873288137954509,2009_AUG
0.154459840441482,0.136890216309167,0.0694267690779219,2009_SEP
0.277771530105035,0.231345420566376,0.110482641715515,2009_OCT
0.264259549973837,0.211063330285895,0.0920116491251048,2009_NOV
0.229501589718328,0.18064709969392,0.0889695493091776,2009_DEC
0.175843621858141,0.107017504471537,0.0631498201612605,2010_JAN
0.091596485958297,0.106923882159412,0.0551269013589669,2010_FEB
0.119340145357779,0.128124673151338,0.0529147927041655,2010_MAR
0.0643472086624703,0.095858323635604,0.0487755048256119,2010_APR
0.0758130487200563,0.103600682721046,0.0565206503070792,2010_MAY
0.0147719760841714,0.069956872332429,0.0584565425934436,2010_JUN
0.0250987339903253,0.0535564853556473,0.0606655057540465,2010_JUL
0.0601438286159143,0.0486677663352827,0.0774728364506612,2010_AUG
0.107418522496983,0.0516151072591657,0.092373996942278,2010_SEP
0.185517124373928,0.101742620875063,0.092373996942278,2010_OCT
0.206256951964227,0.113145252536488,0.0937481437150408,2010_NOV
0.248734251736726,0.101216826463194,0.0934728481025863,2010_DEC
0.242441581115231,0.121793661546891,0.130545177809756,2011_JAN
0.269047462168633,0.136793847973974,0.157383307199062,2011_FEB
0.327971833866562,0.180381981022926,0.184022399588117,2011_MAR
0.369593556327517,0.18552944127237,0.187028085409128,2011_APR
0.378007995904003,0.206561360874846,0.189210471757106,2011_MAY
0.236168073548456,0.192646350564885,0.166702604139779,2011_JUN
0.15125814363041,0.165428702430074,0.153024738329136,2011_JUL
0.128539319387899,0.152594658089167,0.152752319869554,2011_AUG
0.182433912596913,0.138537063233575,0.164296703208663,2011_SEP
0.126196084336268,0.105117929176801,0.166764088371544,2011_OCT
0.115884801922831,0.10928006294532,0.15912326051463,2011_NOV
0.0882202720898934,0.141967893414874,0.16487819205695,2011_DEC
0.201795083343163,0.225947999214093,0.184544541806238,2012_JAN
0.208155118334763,0.201870570465901,0.167544118041281,2012_FEB
0.252919258198503,0.203349282296654,0.17219528976653,2012_MAR
0.182475273535402,0.153954572559223,0.15363169465011,2012_APR
0.0701351695995944,0.141108368339752,0.155280364910571,2012_MAY
-0.0106062534470319,0.11853164867075,0.127556071815286,2012_JUN
-0.0423692907380757,0.102524255080342,0.106689936437284,2012_JUL
0.107102712561772,0.0898424164016347,0.110801735629969,2012_AUG
0.225985104080465,0.0965715311434263,0.129759900270902,2012_SEP
0.313224729905544,0.14309383943365,0.144062044133612,2012_OCT
0.177580466148723,0.157697614823575,0.128943157058418,2012_NOV
0.070605840262187,0.14139613469503,0.107779795083866,2012_DEC
0.035373806571822,0.127841162711806,0.116264997005973,2013_JAN
0.17698990982277,0.128417785863344,0.139590159358753,2013_FEB
0.138108958854747,0.134382730571544,0.15143807295012,2013_MAR
0.0405842735939837,0.0832417318548994,0.105118786655948,2013_APR
-0.0533394691154023,0.0859939946342553,0.0853929440662871,2013_MAY
0.064580540661304,0.112896869774522,0.108632518951242,2013_JUN
0.140125029265511,0.13910031900813,0.14865618869726,2013_JUL
0.165163434980431,0.136102161685114,0.15553295376165,2013_AUG
0.105567924074708,0.118176961153749,0.136929479501391,2013_SEP
0.108220589054057,0.132161548056982,0.135284304452784,2013_OCT
0.108407863739653,0.15143332168462,0.147616014370411,2013_NOV
0.152121363674255,0.147375620969648,0.14981127064441,2013_DEC
0.177240391385632,0.127063908570298,0.151731388132929,2014_JAN
0.143382582133282,0.0874973645372147,0.133350345127647,2014_FEB
0.138638233728157,0.101445154677537,0.131704860719132,2014_MAR
0.128690803955256,0.122373699121995,0.135539171565494,2014_APR
0.167942616732194,0.162970907064527,0.150911043249173,2014_MAY
0.150803078035426,0.151181102362208,0.151459951792132,2014_JUN
0.138850223913171,0.151970905432175,0.151186102434238,2014_JUL
0.0796044482416657,0.108467435355501,0.126995112972635,2014_AUG
0.054839782148967,0.115312528305567,0.130010137555744,2014_SEP
-0.00239584082033876,0.086247669921824,0.117943943511774,2014_OCT
-0.0301228533188221,0.102901044654187,0.132807175899223,2014_NOV
-0.100260403300034,0.0819333493033907,0.117150075604955,2014_DEC
-0.249869930720995,0.040931290931286,0.0884388578825298,2015_JAN
-0.159658481599871,0.049559337776343,0.104028750910482,2015_FEB
-0.0384404173531063,0.0765375917325543,0.115568840483397,2015_MAR
0.151744021630421,0.15035926857491,0.163492258917527,2015_APR
0.172820380411391,0.152955995736614,0.149522379356785,2015_MAY
0.174556050360112,0.142358591617427,0.156651587362563,2015_JUN
0.175431368913973,0.113815081532986,0.143234812839406,2015_JUL
0.097609091002493,0.0998973468642563,0.133336837273738,2015_AUG
-0.0133311456581501,0.108035204337923,0.127309716649419,2015_SEP
-0.043713607567919,0.0859301422315717,0.1099804504477,2015_OCT
-0.0252701170621076,0.0947906363336637,0.108879454111318,2015_NOV
-0.00718118120172083,0.0685899282549363,0.0910118063297031,2015_DEC
0.0064972591825067,0.116221664541076,0.113261583395167,2016_JAN
-0.0317824847751669,0.138358059699454,0.134935632935784,2016_FEB
0.0742215290319073,0.164277793749235,0.160501419903373,2016_MAR
0.169921501053031,0.187905063529,0.176901522935939,2016_APR
0.242187900867163,0.186898038252707,0.179910986327999,2016_MAY
0.222511168217758,0.173689157709752,0.171407969332889,2016_JUN
0.118715962704822,0.139968948636149,0.153091758316852,2016_JUL
0.110711508223556,0.142105191757221,0.142691130459024,2016_AUG
0.115603017204842,0.1517831127735,0.152828458809344,2016_SEP
0.178289371106273,0.146149864506895,0.160222818895924,2016_OCT
0.14283925168479,0.101989470093781,0.154456800035926,2016_NOV
0.136825248819246,0.0964580340098903,0.147336454171939,2016_DEC
0.196558374128464,0.142817204083763,0.154437284420765,2017_JAN
0.23087060124097,0.187195932865351,0.154437284420772,2017_FEB
0.156116993536622,0.134180790960451,0.137386852101407,2017_MAR
0.091837521325407,0.113363854371048,0.121257723238292,2017_APR
0.0321330307472945,0.0810223548042573,0.10639521970562,2017_MAY
0.0773597227106053,0.140006765877199,0.12014027526391,2017_JUN
0.0260716971672107,0.095932399413042,0.106404700882767,2017_JUL
0.115366866635898,0.105207258298849,0.129766685466196,2017_AUG
0.211829013224281,0.101063670112171,0.13579661842699,2017_SEP
0.243145663624008,0.158650801586509,0.158583816414655,2017_OCT
0.21594169574215,0.138836173315486,0.157213359233643,2017_NOV
0.13977423638778,0.147313115190214,0.158035223230331,2017_DEC
0.221490551836416,0.172826728764871,0.185264635304764,2018_JAN
0.245343928482744,0.219823941910779,0.18636196873838,2018_FEB
0.232425123072903,0.243669073560911,0.180599386316553,2018_MAR
0.186760738742479,0.196356028130062,0.132793569521842,2018_APR
0.172556598564329,0.191703393347694,0.142363102184976,2018_MAY
0.165806443139882,0.14888728936393,0.153864253359548,2018_JUN
0.121520612647312,0.132543322638005,0.163491723838146,2018_JUL
0.087305402144374,0.07729088884522,0.152271596276243,2018_AUG
0.127088050129539,0.108960263860528,0.150904753179944,2018_SEP
0.149472440610809,0.117640138815367,0.168424359350354,2018_OCT
0.137627843873929,0.176442910915934,0.189200060261293,2018_NOV
0.0921062052894326,0.17285520930157,0.182074424923847,2018_DEC
0.0172198125314734,0.164116991969994,0.168115972020562,2019_JAN
0.0669070122446323,0.132285450550595,0.168388223109162,2019_FEB
0.119440576690266,0.104800376372875,0.177972632180105,2019_MAR
0.231210869508739,0.127993260101748,0.204746255483494,2019_APR
0.194160281094817,0.132086283422198,0.164970338083418,2019_MAY
0.134214296571552,0.162368116335787,0.15127439047633,2019_JUN
0.0844943240454107,0.133313965686988,0.132204857853013,2019_JUL
0.0757319411546737,0.137369281519965,0.156382928133077,2019_AUG
0.080205635653822,0.100746749066564,0.146206555994192,2019_SEP
0.0948961932150847,0.112527890841522,0.145386270553264,2019_OCT
0.113822706665379,0.09473619982594,0.133325206956925,2019_NOV
0.184447893470097,0.144086207837132,0.148160118768933,2019_DEC
0.161025946989746,0.147396213839864,0.157444537135613,2020_JAN
0.165666897382651,0.189575887996514,0.185351697530304,2020_FEB
-0.0175763211801091,0.0875494462657297,0.166638097547437,2020_MAR
-0.192174476548013,-0.0740116887425663,0.139792551736935,2020_APR
-0.199921561875242,-0.099983442232495,0.121788705836752,2020_MAY
-0.00607502334087537,-0.0207146226114433,0.132521172672077,2020_JUN
0.239845112072201,0.205903417229384,0.163175886461775,2020_JUL
0.312117071167828,0.2762607390374,0.174386474646352,2020_AUG
0.259994435543446,0.275516354000249,0.168604936252318,2020_SEP
0.172780944365813,0.181124880838894,0.134641895261659,2020_OCT
0.107417188656996,0.108645729399282,0.0978920025760832,2020_NOV
0.204354917528193,0.160981703749385,0.106130561812826,2020_DEC
0.309845933311766,0.244619323030245,0.138159083056078,2021_JAN
0.39470974895066,0.28383438468873,0.178499278599846,2021_FEB
0.42325038635002,0.312861963035704,0.199042896810031,2021_MAR
0.486725802751937,0.409434885734727,0.207488213305222,2021_APR
0.536296268467467,0.509030119180663,0.231134202384372,2021_MAY
0.534419612826077,0.529164873680207,0.228400427313365,2021_JUN
0.50883256528418,0.468933540370743,0.241168123740509,2021_JUL
0.47326776602825,0.41102775439473,0.238458688871786,2021_AUG
0.398168242174563,0.325981859201622,0.292153063609849,2021_SEP
0.4471898116373,0.342924208248523,0.331536972980355,2021_OCT
0.543808482197113,0.413026791914907,0.358598539057139,2021_NOV
0.658506516912477,0.547464670138093,0.375520503007191,2021_DEC
0.612540371979063,0.54575376945231,0.426620116424899,2022_JAN
0.591576241293757,0.511468938792213,0.444923218440607,2022_FEB
0.67367070334429,0.436038687218503,0.405210612425947,2022_MAR
0.611536733583977,0.39081568263266,0.317991468177629,2022_APR
0.602995297635307,0.36061823655608,0.332660721721837,2022_MAY
0.62364069910646,0.430998854605787,0.431178419706635,2022_JUN
0.527377479791607,0.39334751384954,0.4655676347375,2022_JUL
0.42120325653586,0.46580892160398,0.492164803629747,2022_AUG
0.213208037885863,0.416462661164343,0.41405783134009,2022_SEP
0.351156903418997,0.454183313270177,0.422381212059975,2022_OCT
0.347287510754803,0.363117024290683,0.353698304997474,2022_NOV
0.291368837165717,0.337348703999537,0.356930760530205,2022_DEC
0.315545715957962,0.380378657487087,0.382779806279499,2023_JAN
0.332710206590477,0.402960573353693,0.40595493076004,2023_FEB
0.323753058058777,0.378137012689103,0.394339260201966,2023_MAR
0.26973203256951,0.33723034335665,0.34860690803861,2023_APR
0.206307596530457,0.310831927525301,0.31329520112211,2023_MAY
0.245916037238714,0.300356144621768,0.274987097414336,2023_JUN
0.174488066461061,0.230524084291509,0.230572991807584,2023_JUL
0.228899617113365,0.166578478060638,0.21267087909338,2023_AUG
0.263489295747362,0.18709335120494,0.236862042179357,2023_SEP
0.227477514828885,0.185160397983316,0.232766566898472,2023_OCT
0.12400281073038,0.181350181350178,0.210363731112717,2023_NOV
0.059039820299267,0.135510385427081,0.177180039313344,2023_DEC
0.190521683508889,0.257348863006102,0.262707661733064,2024_JAN
0.296229186399266,0.307264349854686,0.296031225594976,2024_FEB
0.359094971025693,0.359805743616973,0.327974898957151,2024_MAR
0.305449780944193,0.278493274332388,0.251286475364321,2024_APR
0.198649185538343,0.225392171396884,0.224856394083406,2024_MAY
0.123936908791111,0.186326736655477,0.192736952152406,2024_JUN
0.0911544974060207,0.157742481305608,0.173362612217357,2024_JUL
0.132279426085824,0.182974882538852,0.169808438381628,2024_AUG
0.151577786964315,0.193725682257225,0.180726862421728,2024_SEP
